timestamp,ch4_pct_lel,temperature_c,error_code,rssi,snr
2026-08-28T20:15:12,ch4_pct_lel,temperature_c,error_code,rssi,snr
2026-08-28T20:19:01,0.00,25.50,0,-109,8.50
2026-08-28T20:19:03,0.00,25.60,0,-110,8.25
2026-08-28T20:19:04,0.00,25.60,0,-110,8.00
2026-08-28T20:19:05,0.00,25.60,0,-109,8.00
2026-08-28T20:19:06,0.00,25.70,0,-108,8.75
2026-08-28T20:19:07,0.00,25.70,0,-108,8.75
2026-08-28T20:19:08,0.00,25.70,0,-108,8.75
2026-08-28T20:19:09,0.00,25.80,0,-108,8.75
2026-08-28T20:19:10,0.00,25.80,0,-109,8.75
2026-08-28T20:19:11,0.00,25.80,0,-108,8.50
2026-08-28T20:19:12,0.00,25.80,0,-106,8.75
2026-08-28T20:19:13,0.00,25.90,0,-107,8.75
2026-08-28T20:19:15,0.00,25.90,0,-104,8.75
2026-08-28T20:19:16,0.00,25.90,0,-100,9.75
2026-08-28T20:19:17,0.00,26.00,0,-100,9.00
2026-08-28T20:19:18,0.00,26.00,0,-98,8.75
2026-08-28T20:19:19,0.00,26.00,0,-100,9.00
2026-08-28T20:19:20,0.00,26.00,0,-98,9.00
2026-08-28T20:19:21,0.00,26.00,0,-97,9.25
2026-08-28T20:19:22,0.00,26.10,0,-95,9.25
2026-08-28T20:19:23,0.00,26.10,0,-93,8.75
2026-08-28T20:19:24,0.00,26.10,0,-95,9.25
2026-08-28T20:19:25,0.00,26.10,0,-100,8.75
2026-08-28T20:19:27,0.00,26.20,0,-97,8.75
2026-08-28T20:19:28,0.00,26.20,0,-96,9.75
2026-08-28T20:19:29,0.00,26.20,0,-101,9.00
2026-08-28T20:19:30,0.00,26.30,0,-94,9.50
2026-08-28T20:19:31,0.00,26.30,0,-97,9.25
2026-08-28T20:19:32,0.00,26.30,0,-96,9.00
2026-08-28T20:19:33,0.00,26.30,0,-96,9.25
2026-08-28T20:19:34,0.00,26.40,0,-97,9.25
2026-08-28T20:19:35,0.00,26.40,0,-97,9.00
2026-08-28T20:19:36,0.00,26.40,0,-97,9.00
2026-08-28T20:19:38,0.00,26.40,0,-96,9.00
2026-08-28T20:19:39,0.00,26.50,0,-95,9.25
2026-08-28T20:19:40,0.00,26.50,0,-94,9.25
2026-08-28T20:19:41,0.00,26.50,0,-94,9.00
2026-08-28T20:19:42,0.00,26.60,0,-95,9.25
2026-08-28T20:19:43,0.00,26.60,0,-94,9.00
2026-08-28T20:19:44,0.00,26.60,0,-95,9.00
2026-08-28T20:19:45,0.00,26.60,0,-95,9.25
2026-08-28T20:19:46,0.00,26.60,0,-95,9.00
2026-08-28T20:19:47,0.00,26.70,0,-95,9.00
2026-08-28T20:19:48,0.00,26.70,0,-95,8.75
2026-08-28T20:19:50,0.00,26.70,0,-92,9.25
2026-08-28T20:19:51,0.00,26.70,0,-95,9.00
2026-08-28T20:19:52,0.00,26.80,0,-97,9.25
2026-08-28T20:19:53,0.00,26.80,0,-119,2.75
2026-08-28T20:19:54,0.00,26.80,0,-105,9.00
2026-08-28T20:19:55,0.00,26.80,0,-102,9.25
2026-08-28T20:19:56,0.00,26.90,0,-105,9.00
2026-08-28T20:19:57,0.00,26.90,0,-104,8.75
2026-08-28T20:19:58,0.00,26.90,0,-104,9.00
2026-08-28T20:19:59,0.00,27.00,0,-104,8.75
2026-08-28T20:20:00,0.00,27.00,0,-104,9.00
2026-08-28T20:20:02,0.00,27.10,0,-104,9.25
2026-08-28T20:20:03,0.00,27.10,0,-104,8.75
2026-08-28T20:20:04,0.00,27.10,0,-104,8.75
2026-08-28T20:20:05,0.00,27.20,0,-104,9.25
2026-08-28T20:20:06,0.00,27.20,0,-104,9.00
2026-08-28T20:20:07,0.00,27.30,0,-104,8.75
2026-08-28T20:20:08,0.00,27.30,0,-104,9.00
2026-08-28T20:20:09,0.00,27.30,0,-104,9.25
2026-08-28T20:20:10,0.00,27.40,0,-104,9.00
2026-08-28T20:20:11,0.00,27.40,0,-104,8.75
2026-08-28T20:20:12,0.00,27.50,0,-104,9.00
2026-08-28T20:20:14,0.00,27.60,0,-107,9.25
2026-08-28T20:20:15,0.00,27.60,0,-112,8.00
2026-08-28T20:20:16,0.00,27.60,0,-112,7.75
2026-08-28T20:20:17,0.00,27.70,0,-109,8.25
2026-08-28T20:20:18,0.00,27.70,0,-110,8.25
2026-08-28T20:20:19,0.00,27.80,0,-114,7.00
2026-08-28T20:20:20,0.00,27.80,0,-118,4.50
2026-08-28T20:20:21,0.00,27.80,0,-121,0.25
2026-08-28T20:20:22,0.00,27.90,0,-119,3.50
2026-08-28T20:20:23,0.00,27.90,0,-113,7.75
2026-08-28T20:20:25,0.00,27.90,0,-114,7.50
2026-08-28T20:20:26,0.00,28.00,0,-121,-0.50
2026-08-28T20:20:27,0.00,28.10,0,-120,1.25
2026-08-28T20:20:28,0.00,28.10,0,-123,-6.50
2026-08-28T20:20:29,0.00,28.20,0,-124,-9.50
2026-08-28T20:20:30,0.00,28.20,0,-123,-2.50
2026-08-28T20:20:31,0.00,28.20,0,-118,3.50
2026-08-28T20:20:32,0.00,28.30,0,-113,7.50
2026-08-28T20:20:33,0.00,28.30,0,-116,6.75
2026-08-28T20:20:34,0.00,28.30,0,-110,8.50
2026-08-28T20:20:35,0.00,28.30,0,-108,9.00
2026-08-28T20:20:37,0.00,28.40,0,-108,9.00
2026-08-28T20:20:38,0.00,28.40,0,-108,8.25
2026-08-28T20:20:39,0.00,28.40,0,-111,8.50
2026-08-28T20:20:40,0.00,28.50,0,-111,8.00
2026-08-28T20:20:41,0.00,28.50,0,-113,7.50
2026-08-28T20:20:42,0.00,28.50,0,-113,8.00
2026-08-28T20:20:43,0.00,28.50,0,-112,8.25
2026-08-28T20:20:44,0.00,28.50,0,-112,8.00
2026-08-28T20:20:45,0.00,28.50,0,-112,8.00
2026-08-28T20:20:46,0.00,28.50,0,-112,8.00
2026-08-28T20:20:47,0.00,28.60,0,-112,8.00
2026-08-28T20:20:49,0.00,28.60,0,-112,8.25
2026-08-28T20:20:50,0.00,28.60,0,-112,8.00
2026-08-28T20:20:51,0.00,28.60,0,-112,8.25
2026-08-28T20:20:52,0.00,28.60,0,-112,8.00
2026-08-28T20:20:53,0.00,28.60,0,-112,7.75
2026-08-28T20:20:54,0.00,28.60,0,-112,8.00
2026-08-28T20:20:55,0.00,28.70,0,-112,8.50
2026-08-28T20:20:56,0.00,28.70,0,-112,8.25
2026-08-28T20:20:57,0.00,28.70,0,-112,8.00
2026-08-28T20:20:58,0.00,28.70,0,-112,8.50
2026-08-28T20:21:00,0.00,28.70,0,-112,7.75
2026-08-28T20:21:01,0.00,28.70,0,-112,7.75
2026-08-28T20:21:02,0.00,28.70,0,-113,7.75
2026-08-28T20:21:03,0.00,28.80,0,-119,3.50
2026-08-28T20:21:04,0.00,28.80,0,-119,3.50
2026-08-28T20:21:05,0.00,28.80,0,-118,4.25
2026-08-28T20:21:06,0.00,28.80,0,-117,4.75
2026-08-28T20:21:07,0.00,28.80,0,-117,5.25
2026-08-28T20:21:08,0.00,28.80,0,-117,5.75
2026-08-28T20:21:09,0.00,28.80,0,-116,5.50
2026-08-28T20:21:10,0.00,28.80,0,-116,5.75
2026-08-28T20:21:12,0.00,28.80,0,-116,6.00
2026-08-28T20:21:13,0.00,28.90,0,-116,6.00
2026-08-28T20:21:14,0.00,28.90,0,-116,6.50
2026-08-28T20:21:15,0.00,28.90,0,-116,6.00
2026-08-28T20:21:16,0.00,28.90,0,-116,6.25
2026-08-28T20:21:17,0.00,28.90,0,-115,6.25
2026-08-28T20:21:18,0.00,28.90,0,-115,6.75
2026-08-28T20:21:19,0.00,28.90,0,-116,6.25
2026-08-28T20:21:20,0.00,28.90,0,-116,5.75
2026-08-28T20:21:21,0.00,28.90,0,-116,6.25
2026-08-28T20:21:22,0.00,28.90,0,-116,6.75
2026-08-28T20:21:24,0.00,29.00,0,-115,6.50
2026-08-28T20:21:25,0.00,29.00,0,-115,6.50
2026-08-28T20:21:26,0.00,29.00,0,-115,6.50
2026-08-28T20:21:27,0.00,29.00,0,-115,6.25
2026-08-28T20:21:28,0.00,29.00,0,-115,6.50
2026-08-28T20:21:29,0.00,29.00,0,-115,6.50
2026-08-28T20:21:30,0.00,29.00,0,-116,6.25
2026-08-28T20:21:31,0.00,29.00,0,-115,6.50
2026-08-28T20:21:32,0.00,29.10,0,-115,6.25
2026-08-28T20:21:33,0.00,29.10,0,-115,6.25
2026-08-28T20:21:34,0.00,29.10,0,-116,6.00
2026-08-28T20:21:36,0.00,29.10,0,-115,6.25
2026-08-28T20:21:37,0.00,29.10,0,-116,6.00
2026-08-28T20:21:38,0.00,29.10,0,-117,5.50
2026-08-28T20:21:39,0.00,29.10,0,-117,5.50
2026-08-28T20:21:40,0.00,29.10,0,-116,5.50
2026-08-28T20:21:41,0.00,29.20,0,-116,5.50
2026-08-28T20:21:42,0.00,29.20,0,-117,5.50
2026-08-28T20:21:43,0.00,29.20,0,-117,5.50
2026-08-28T20:21:44,0.00,29.20,0,-116,5.50
2026-08-28T20:21:45,0.00,29.20,0,-116,5.75
2026-08-28T20:21:47,0.00,29.20,0,-116,5.75
2026-08-28T20:21:48,0.00,29.20,0,-117,5.75
2026-08-28T20:21:49,0.00,29.20,0,-116,5.25
2026-08-28T20:21:50,0.00,29.20,0,-117,5.50
2026-08-28T20:21:51,0.00,29.20,0,-117,5.50
2026-08-28T20:21:52,0.00,29.30,0,-117,5.50
2026-08-28T20:21:53,0.00,29.30,0,-116,5.75
2026-08-28T20:21:54,0.00,29.30,0,-117,5.50
2026-08-28T20:21:55,0.00,29.30,0,-117,6.00
2026-08-28T20:21:56,0.00,29.30,0,-117,5.50
2026-08-28T20:21:57,0.00,29.30,0,-116,5.25
2026-08-28T20:21:59,0.00,29.30,0,-117,5.75
2026-08-28T20:22:00,0.00,29.30,0,-117,6.00
2026-08-28T20:22:01,0.00,29.30,0,-116,5.50
2026-08-28T20:22:02,0.00,29.30,0,-116,5.75
2026-08-28T20:22:03,0.00,29.30,0,-117,5.75
2026-08-28T20:22:04,0.00,29.30,0,-116,5.50
2026-08-28T20:22:05,0.00,29.40,0,-116,5.50
2026-08-28T20:22:06,0.00,29.40,0,-116,6.00
2026-08-28T20:22:07,0.00,29.40,0,-116,5.75
2026-08-28T20:22:08,0.00,29.40,0,-116,6.00
2026-08-28T20:22:09,0.00,29.40,0,-116,5.75
2026-08-28T20:22:11,0.00,29.40,0,-116,5.25
2026-08-28T20:22:12,0.00,29.40,0,-116,5.75
2026-08-28T20:22:13,0.00,29.40,0,-116,5.75
2026-08-28T20:22:14,0.00,29.40,0,-116,6.00
2026-08-28T20:22:15,0.00,29.40,0,-116,5.75
2026-08-28T20:22:16,0.00,29.40,0,-116,5.50
2026-08-28T20:22:17,0.00,29.40,0,-116,5.75
2026-08-28T20:22:18,0.00,29.50,0,-116,5.75
2026-08-28T20:22:19,0.00,29.50,0,-116,5.75
2026-08-28T20:22:20,0.00,29.50,0,-116,5.75
2026-08-28T20:22:22,0.00,29.50,0,-116,5.75
2026-08-28T20:22:23,0.00,29.50,0,-116,5.75
2026-08-28T20:22:24,0.00,29.50,0,-116,5.75
2026-08-28T20:22:25,0.00,29.50,0,-116,5.75
2026-08-28T20:22:26,0.00,29.50,0,-116,5.50
2026-08-28T20:22:27,0.00,29.50,0,-116,5.75
2026-08-28T20:22:28,0.00,29.50,0,-116,5.50
2026-08-28T20:22:29,0.00,29.50,0,-116,5.50
2026-08-28T20:22:30,0.00,29.60,0,-116,6.00
2026-08-28T20:22:31,0.00,29.60,0,-116,5.50
2026-08-28T20:22:32,0.00,29.60,0,-116,6.25
2026-08-28T20:22:34,0.00,29.60,0,-116,5.75
2026-08-28T20:22:35,0.00,29.60,0,-116,5.50
2026-08-28T20:22:36,0.00,29.60,0,-116,5.75
2026-08-28T20:22:37,0.00,29.60,0,-116,5.75
2026-08-28T20:22:38,0.00,29.60,0,-116,6.00
2026-08-28T20:22:39,0.00,29.60,0,-116,5.75
2026-08-28T20:22:40,0.00,29.60,0,-116,6.00
2026-08-28T20:22:41,0.00,29.60,0,-116,5.75
2026-08-28T20:22:42,0.00,29.60,0,-116,5.75
2026-08-28T20:22:43,0.00,29.60,0,-116,5.75
2026-08-28T20:22:44,0.00,29.60,0,-116,5.75
2026-08-28T20:22:46,0.00,29.70,0,-116,6.00
2026-08-28T20:22:47,0.00,29.70,0,-115,6.75
2026-08-28T20:22:48,0.00,29.70,0,-116,6.50
2026-08-28T20:22:49,0.00,29.70,0,-116,6.00
2026-08-28T20:22:50,0.00,29.70,0,-116,5.75
2026-08-28T20:22:51,0.00,29.70,0,-116,6.25
2026-08-28T20:22:52,0.00,29.70,0,-116,6.00
2026-08-28T20:22:53,0.00,29.70,0,-115,6.00
2026-08-28T20:22:54,0.00,29.70,0,-116,6.25
2026-08-28T20:22:55,0.00,29.70,0,-116,6.00
2026-08-28T20:22:56,0.00,29.70,0,-115,6.25
2026-08-28T20:22:58,0.00,29.80,0,-115,6.25
2026-08-28T20:22:59,0.00,29.80,0,-116,6.25
2026-08-28T20:23:00,0.00,29.80,0,-115,6.00
2026-08-28T20:23:01,0.00,29.80,0,-115,6.00
2026-08-28T20:23:02,0.00,29.80,0,-115,6.00
2026-08-28T20:23:03,0.00,29.80,0,-116,6.25
2026-08-28T20:23:04,0.00,29.80,0,-116,6.50
2026-08-28T20:23:05,0.00,29.80,0,-115,6.00
2026-08-28T20:23:06,0.00,29.80,0,-116,6.50
2026-08-28T20:23:07,0.00,29.80,0,-115,6.25
2026-08-28T20:23:09,0.00,29.80,0,-115,5.75
2026-08-28T20:23:10,0.00,29.80,0,-115,6.25
2026-08-28T20:23:11,0.00,29.80,0,-116,6.50
2026-08-28T20:23:12,0.00,29.80,0,-116,6.50
2026-08-28T20:23:13,0.00,29.80,0,-116,6.00
2026-08-28T20:24:39,ch4_pct_lel,temperature_c,error_code,inir_a0_voltage,inir_ch4_analog_pctvol,inir_ch4_digital_pctvol,inir_temp_c,rssi,snr
2026-08-28T20:24:40,0.00,0.00,0,1.200,0.60,0.0120,2.9,-115,2.25
2026-08-28T20:24:41,0.00,30.40,0,1.259,0.70,0.0110,22.9,-115,6.75
2026-08-28T20:24:43,0.00,30.40,0,1.256,0.51,0.0120,22.9,-114,7.00
2026-08-28T20:24:44,0.00,30.40,0,1.254,0.31,0.0110,22.9,-114,6.50
2026-08-28T20:24:45,0.00,30.40,0,1.257,0.57,0.0120,22.9,-114,6.75
2026-08-28T20:24:46,0.00,38.00,0,1.000,0.51,0.0110,27.9,-115,2.00
2026-08-28T20:24:47,0.00,30.40,0,1.256,0.51,0.0120,22.9,-115,6.50
2026-08-28T20:24:48,0.00,30.40,0,1.255,0.38,0.0110,22.9,-114,6.75
2026-08-28T20:24:49,0.00,30.40,0,1.257,0.57,0.0110,22.9,-114,6.50
2026-08-28T20:24:50,0.00,30.40,0,1.258,0.64,0.0120,22.9,-114,6.50
2026-08-28T20:24:51,0.00,30.40,0,1.255,0.38,0.0110,22.9,-114,7.00
2026-08-28T20:24:52,0.00,30.40,0,1.255,0.38,0.0120,22.9,-111,8.00
2026-08-28T20:24:53,0.00,30.40,0,1.260,0.76,0.0120,22.9,-108,8.75
2026-08-28T20:24:55,0.00,30.40,0,1.252,0.18,0.0120,22.9,-108,8.75
2026-08-28T20:24:56,0.00,30.40,0,1.257,0.57,0.0110,22.9,-109,8.75
2026-08-28T20:24:57,0.00,30.40,0,1.255,0.38,0.0120,22.9,-108,8.50
2026-08-28T20:24:58,0.00,30.40,0,1.256,0.51,0.0110,22.9,-110,8.25
2026-08-28T20:24:59,0.00,30.40,0,1.256,0.51,0.0120,22.9,-109,8.25
2026-08-28T20:25:00,0.00,30.40,0,1.258,0.64,0.0120,22.9,-124,-8.25
2026-08-28T20:25:01,0.00,30.50,0,1.257,0.57,0.0120,22.9,-112,8.25
2026-08-28T20:25:02,0.00,30.50,0,1.256,0.44,0.0120,22.9,-109,8.50
2026-08-28T20:25:03,0.00,30.50,0,1.257,0.57,0.0120,22.9,-109,8.50
2026-08-28T20:25:04,0.00,30.50,0,1.257,0.57,0.0130,22.9,-109,8.25
2026-08-28T20:25:05,0.00,30.50,0,1.255,0.38,0.0120,22.9,-109,8.50
2026-08-28T20:25:07,0.00,30.50,0,1.256,0.51,0.0120,22.9,-109,8.25
2026-08-28T20:25:08,0.00,30.50,0,1.256,0.44,0.0120,22.9,-109,8.25
2026-08-28T20:25:10,0.00,30.50,0,1.256,0.44,0.0120,22.9,-109,8.25
2026-08-28T20:25:11,0.00,30.50,0,1.256,0.44,0.0120,22.9,-109,8.25
2026-08-28T20:25:12,0.00,30.50,0,1.255,0.38,0.0120,22.9,-109,8.25
2026-08-28T20:25:13,0.00,30.50,0,1.256,0.51,0.0120,22.9,-109,8.50
2026-08-28T20:25:14,0.00,30.50,0,1.256,0.51,0.0120,22.9,-109,8.00
2026-08-28T20:25:15,0.00,30.50,0,1.254,0.31,0.0120,22.9,-109,8.50
2026-08-28T20:25:16,0.00,30.50,0,1.254,0.31,0.0120,22.9,-109,8.25
2026-08-28T20:25:18,0.00,30.50,0,1.256,0.44,0.0120,22.9,-109,8.25
2026-08-28T20:25:19,0.00,30.50,0,1.253,0.25,0.0120,22.9,-109,8.50
2026-08-28T20:25:20,0.00,30.50,0,1.257,0.57,0.0120,22.9,-109,8.50
2026-08-28T20:25:21,0.00,30.50,0,1.257,0.57,0.0110,22.9,-110,8.00
2026-08-28T20:25:22,0.00,30.50,0,1.255,0.38,0.0110,22.9,-110,8.25
2026-08-28T20:25:23,0.00,30.50,0,1.255,0.38,0.0110,22.9,-110,8.00
2026-08-28T20:25:24,0.00,30.50,0,1.252,0.18,0.0110,22.9,-110,8.50
2026-08-28T20:25:25,0.00,30.50,0,1.253,0.25,0.0110,22.9,-109,8.75
2026-08-28T20:25:26,0.00,30.50,0,1.256,0.51,0.0110,22.9,-109,8.75
2026-08-28T20:25:27,0.00,30.50,0,1.251,0.06,0.0110,22.9,-109,8.50
2026-08-28T20:25:28,0.00,30.50,0,1.256,0.44,0.0110,22.9,-110,8.25
2026-08-28T20:25:30,0.00,30.50,0,1.258,0.64,0.0110,23.9,-110,8.25
2026-08-28T20:25:31,0.00,30.50,0,1.257,0.57,0.0100,23.9,-110,8.25
2026-08-28T20:25:32,0.00,30.50,0,1.256,0.51,0.0110,23.9,-110,8.25
2026-08-28T20:25:33,0.00,30.60,0,1.254,0.31,0.0110,23.9,-110,8.25
2026-08-28T20:25:34,0.00,30.60,0,1.255,0.38,0.0100,23.9,-110,8.00
2026-08-28T20:25:35,0.00,30.60,0,1.256,0.44,0.0100,23.9,-111,8.25
2026-08-28T20:25:36,0.00,30.60,0,1.256,0.51,0.0110,23.9,-110,8.50
2026-08-28T20:25:37,0.00,30.60,0,1.253,0.25,0.0110,23.9,-110,8.50
2026-08-28T20:25:38,0.00,30.60,0,1.258,0.64,0.0110,23.9,-110,8.00
2026-08-28T20:25:39,0.00,30.60,0,1.256,0.51,0.0110,23.9,-110,8.50
2026-08-28T20:25:40,0.00,30.60,0,1.258,0.64,0.0110,23.9,-110,8.75
2026-08-28T20:25:42,0.00,30.60,0,1.256,0.44,0.0110,23.9,-110,8.50
2026-08-28T20:25:43,0.00,30.60,0,1.254,0.31,0.0110,23.9,-110,8.75
2026-08-28T20:25:44,0.00,30.60,0,1.258,0.64,0.0110,23.9,-110,8.25
2026-08-28T20:25:45,0.00,30.60,0,1.253,0.25,0.0100,23.9,-110,8.25
2026-08-28T20:25:46,0.00,30.60,0,1.258,0.64,0.0110,23.9,-110,8.50
2026-08-28T20:25:47,0.00,30.60,0,1.255,0.38,0.0110,23.9,-109,8.75
2026-08-28T20:25:48,0.00,30.60,0,1.256,0.44,0.0120,23.9,-108,9.75
2026-08-28T20:25:49,0.00,30.60,0,1.253,0.25,0.0110,23.9,-109,8.25
2026-08-28T20:25:50,0.00,30.60,0,1.256,0.51,0.0120,23.9,-109,8.25
2026-08-28T20:25:51,0.00,30.60,0,1.254,0.31,0.0120,23.9,-109,8.25
2026-08-28T20:25:53,0.00,30.60,0,1.254,0.31,0.0110,23.9,-109,8.50
2026-08-28T20:25:54,0.00,30.60,0,1.255,0.38,0.0120,23.9,-109,8.50
2026-08-28T20:25:55,0.00,30.60,0,1.253,0.25,0.0120,23.9,-109,8.25
2026-08-28T20:25:56,0.00,30.60,0,1.258,0.64,0.0120,23.9,-109,8.25
2026-08-28T20:25:57,0.00,30.70,0,1.257,0.57,0.0120,23.9,-110,8.25
2026-08-28T20:25:58,0.00,30.70,0,1.259,0.70,0.0120,23.9,-109,8.75
2026-08-28T20:25:59,0.00,30.70,0,1.259,0.70,0.0120,23.9,-109,9.25
2026-08-28T20:26:00,0.00,30.70,0,1.256,0.51,0.0130,23.9,-109,8.50
2026-08-28T20:26:01,0.00,30.70,0,1.254,0.31,0.0120,23.9,-109,8.50
2026-08-28T20:26:02,0.00,30.70,0,1.257,0.57,0.0120,23.9,-109,8.25
2026-08-28T20:26:03,0.00,30.70,0,1.254,0.31,0.0120,23.9,-109,8.25
2026-08-28T20:26:05,0.00,30.70,0,1.256,0.44,0.0120,23.9,-110,8.50
2026-08-28T20:26:06,0.00,30.70,0,1.258,0.64,0.0120,23.9,-110,8.50
2026-08-28T20:26:07,0.00,30.70,0,1.254,0.31,0.0120,23.9,-109,8.25
2026-08-28T20:26:08,0.00,30.70,0,1.256,0.51,0.0120,23.9,-110,8.25
2026-08-28T20:26:09,0.00,30.70,0,1.247,-0.20,0.0120,23.9,-107,9.50
2026-08-28T20:26:10,0.00,30.70,0,1.256,0.44,0.0120,23.9,-111,8.00
2026-08-28T20:26:11,0.00,30.70,0,1.254,0.31,0.0120,23.9,-117,5.75
2026-08-28T20:26:12,0.00,30.70,0,1.255,0.38,0.0120,23.9,-123,-3.50
2026-08-28T20:26:13,0.00,30.70,0,1.256,0.51,0.0120,23.9,-121,1.25
2026-08-28T20:26:14,0.00,30.70,0,1.255,0.38,0.0120,23.9,-120,1.25
2026-08-28T20:26:15,0.00,30.70,0,1.256,0.44,0.0110,23.9,-119,2.75
2026-08-28T20:26:17,0.00,30.70,0,1.258,0.64,0.0110,23.9,-119,3.50
2026-08-28T20:26:18,0.00,30.70,0,1.255,0.38,0.0110,23.9,-120,2.50
2026-08-28T20:26:19,0.00,30.70,0,1.254,0.31,0.0110,23.9,-118,4.75
2026-08-28T20:26:20,0.00,30.70,0,1.258,0.64,0.0110,23.9,-118,4.75
2026-08-28T20:26:21,0.00,30.70,0,1.254,0.31,0.0110,23.9,-117,5.25
2026-08-28T20:26:22,0.00,30.70,0,1.254,0.31,0.0110,23.9,-117,5.25
2026-08-28T20:26:23,0.00,30.70,0,1.256,0.51,0.0120,23.9,-118,3.75
2026-08-28T20:26:24,0.00,30.70,0,1.254,0.31,0.0120,23.9,-118,4.50
2026-08-28T20:26:25,0.00,30.70,0,1.256,0.44,0.0120,23.9,-112,7.75
2026-08-28T20:26:26,0.00,30.80,0,1.255,0.38,0.0130,23.9,-113,7.25
2026-08-28T20:26:28,0.00,30.80,0,1.256,0.51,0.0120,23.9,-114,6.75
2026-08-28T20:26:29,0.00,30.80,0,1.255,0.38,0.0120,23.9,-115,6.75
2026-08-28T20:26:30,0.00,30.80,0,1.256,0.51,0.0120,23.9,-115,6.50
2026-08-28T20:26:31,0.00,30.80,0,1.252,0.18,0.0120,23.9,-114,6.75
2026-08-28T20:26:32,0.00,30.80,0,1.257,0.57,0.0110,23.9,-114,7.00
2026-08-28T20:26:33,0.00,30.80,0,1.254,0.31,0.0120,23.9,-114,6.50
2026-08-28T20:26:34,0.00,30.80,0,1.255,0.38,0.0110,23.9,-115,7.00
2026-08-28T20:26:35,0.00,30.80,0,1.256,0.51,0.0120,23.9,-115,6.50
2026-08-28T20:26:36,0.00,30.80,0,1.257,0.57,0.0110,23.9,-115,8.00
2026-08-28T20:26:37,0.00,30.80,0,1.256,0.44,0.0110,23.9,-111,8.00
2026-08-28T20:26:38,0.00,30.80,0,1.256,0.44,0.0120,23.9,-111,8.00
2026-08-28T20:26:40,0.00,30.80,0,1.260,0.76,0.0120,23.9,-112,7.50
2026-08-28T20:26:41,0.00,30.80,0,1.255,0.38,0.0120,23.9,-112,8.00
2026-08-28T20:26:42,0.00,30.80,0,1.255,0.38,0.0120,23.9,-117,5.25
2026-08-28T20:26:43,0.00,30.80,0,1.256,0.51,0.0120,23.9,-118,4.25
2026-08-28T20:26:44,0.00,30.80,0,1.256,0.51,0.0110,23.9,-110,8.25
2026-08-28T20:26:45,0.00,30.80,0,1.258,0.64,0.0120,23.9,-110,8.25
2026-08-28T20:26:46,0.00,30.80,0,1.256,0.44,0.0110,23.9,-110,8.50
2026-08-28T20:26:47,0.00,30.80,0,1.256,0.44,0.0110,23.9,-112,8.75
2026-08-28T20:26:48,0.00,30.80,0,1.257,0.57,0.0110,23.9,-111,8.00
2026-08-28T20:26:49,0.00,30.80,0,1.254,0.31,0.0110,23.9,-112,7.75
2026-08-28T20:26:50,0.00,30.80,0,1.252,0.18,0.0110,23.9,-112,8.25
2026-08-28T20:26:52,0.00,30.90,0,1.254,0.31,0.0110,23.9,-112,8.00
2026-08-28T20:26:53,0.00,30.90,0,1.256,0.51,0.0110,23.9,-112,8.25
2026-08-28T20:26:54,0.00,30.90,0,1.257,0.57,0.0110,23.9,-112,8.25
2026-08-28T20:26:55,0.00,30.90,0,1.257,0.57,0.0120,23.9,-112,8.50
2026-08-28T20:26:56,0.00,30.90,0,1.253,0.25,0.0110,23.9,-112,8.25
2026-08-28T20:26:57,0.00,30.90,0,1.256,0.44,0.0120,23.9,-112,8.00
2026-08-28T20:26:58,0.00,30.90,0,1.255,0.38,0.0120,23.9,-112,8.00
2026-08-28T20:26:59,0.00,30.90,0,1.255,0.38,0.0120,23.9,-112,7.75
2026-08-28T20:27:00,0.00,30.90,0,1.255,0.38,0.0120,23.9,-112,8.50
2026-08-28T20:27:01,0.00,30.90,0,1.256,0.44,0.0120,23.9,-112,8.00
2026-08-28T20:27:02,0.00,30.90,0,1.260,0.83,0.0120,23.9,-112,8.00
2026-08-28T20:27:04,0.00,30.90,0,1.256,0.51,0.0120,23.9,-112,8.25
2026-08-28T20:27:05,0.00,30.90,0,1.253,0.25,0.0110,23.9,-112,7.75
2026-08-28T20:27:06,0.00,0.00,0,1.000,0.18,0-0120,2.9,-112,1.75
2026-08-28T20:27:07,0.00,30.90,0,1.256,0.44,0.0120,23.9,-109,9.00
2026-08-28T20:27:08,0.00,30.90,0,1.256,0.44,0.0120,23.9,-110,8.50
2026-08-28T20:27:09,0.00,30.90,0,1.256,0.44,0.0120,23.9,-120,1.25
2026-08-28T20:27:10,0.00,30.90,0,1.254,0.31,0.0120,23.9,-112,8.00
2026-08-28T20:27:11,0.00,30.90,0,1.258,0.64,0.0130,23.9,-109,8.25
2026-08-28T20:27:12,0.00,30.90,0,1.253,0.25,0.0120,23.9,-111,8.25
2026-08-28T20:27:13,0.00,30.90,0,1.259,0.70,0.0120,23.9,-109,8.00
2026-08-28T20:27:15,0.00,30.90,0,1.256,0.44,0.0120,23.9,-109,8.75
2026-08-28T20:27:16,0.00,30.90,0,1.257,0.57,0.0120,23.9,-112,8.00
2026-08-28T20:27:17,0.00,30.90,0,1.255,0.38,0.0120,23.9,-111,8.00
2026-08-28T20:27:18,0.00,31.00,0,1.252,0.12,0.0120,23.9,-112,8.00
2026-08-28T20:27:19,0.00,30.90,0,1.256,0.51,0.0110,23.9,-113,7.00
2026-08-28T20:27:20,0.00,31.00,0,1.258,0.64,0.0120,23.9,-115,6.50
2026-08-28T20:27:21,0.00,30.90,0,1.260,0.83,0.0120,23.9,-112,7.75
2026-08-28T20:27:22,0.00,30.90,0,1.259,0.70,0.0120,23.9,-110,8.50
2026-08-28T20:27:23,0.00,30.90,0,1.258,0.64,0.0120,23.9,-113,7.25
2026-08-28T20:27:24,0.00,30.90,0,1.254,0.31,0.0130,23.9,-112,7.75
2026-08-28T20:27:25,0.00,30.90,0,1.253,0.25,0.0130,23.9,-104,8.75
2026-08-28T20:27:27,0.00,30.90,0,1.257,0.57,0.0130,23.9,-101,9.00
2026-08-28T20:27:28,0.00,30.90,0,1.252,0.18,0.0130,23.9,-109,8.25
2026-08-28T20:27:29,0.00,30.90,0,1.257,0.57,0.0130,23.9,-101,9.00
2026-08-28T20:27:30,0.00,30.90,0,1.258,0.64,0.0140,23.9,-99,9.00
2026-08-28T20:27:31,0.00,30.90,0,1.257,0.57,0.0140,23.9,-100,9.00
2026-08-28T20:27:32,0.00,30.90,0,1.257,0.57,0.0140,23.9,-98,8.75
2026-08-28T20:27:33,0.00,30.90,0,1.256,0.51,0.0130,23.9,-99,9.25
2026-08-28T20:27:34,0.00,30.90,0,1.254,0.31,0.0140,23.9,-99,9.00
2026-08-28T20:27:36,0.00,30.90,0,1.254,0.31,0.0140,23.9,-99,9.00
2026-08-28T20:27:37,0.00,30.90,0,1.257,0.57,0.0140,23.9,-99,9.00
2026-08-28T20:27:39,0.00,30.90,0,1.255,0.38,0.0140,23.9,-99,8.75
2026-08-28T20:27:40,0.00,30.90,0,1.255,0.38,0.0140,23.9,-98,8.75
2026-08-28T20:27:41,0.00,30.90,0,1.256,0.44,0.0130,23.9,-98,9.00
2026-08-28T20:27:42,0.00,30.90,0,1.254,0.31,0.0130,23.9,-98,9.00
2026-08-28T20:27:43,0.00,30.90,0,1.257,0.57,0.0130,23.9,-99,8.75
2026-08-28T20:27:44,0.00,30.90,0,1.260,0.83,0.0130,23.9,-98,9.25
2026-08-28T20:27:45,0.00,30.90,0,1.256,0.51,0.0130,23.9,-98,9.00
2026-08-28T20:27:46,0.00,30.90,0,1.256,0.51,0.0130,23.9,-98,8.75
2026-08-28T20:27:47,0.00,30.90,0,1.254,0.31,0.0120,23.9,-98,9.00
2026-08-28T20:27:48,0.00,30.90,0,1.254,0.31,0.0130,23.9,-99,9.00
2026-08-28T20:27:49,0.00,30.90,0,1.259,0.70,0.0120,23.9,-99,9.25
2026-08-28T20:27:51,0.00,30.90,0,1.254,0.31,0.0120,23.9,-99,9.25
2026-08-28T20:27:52,0.00,30.90,0,1.257,0.57,0.0120,23.9,-99,9.00
2026-08-28T20:27:53,0.00,30.90,0,1.252,0.18,0.0120,23.9,-98,9.00
2026-08-28T20:27:54,0.00,30.90,0,1.257,0.57,0.0120,23.9,-99,9.25
2026-08-28T20:27:55,0.00,30.90,0,1.256,0.44,0.0120,23.9,-98,9.00
2026-08-28T20:27:56,0.00,30.90,0,1.255,0.38,0.0120,23.9,-98,9.00
2026-08-28T20:27:57,0.00,30.90,0,1.255,0.38,0.0120,23.9,-98,9.00
2026-08-28T20:27:58,0.00,30.90,0,1.256,0.44,0.0120,23.9,-99,8.75
2026-08-28T20:27:59,0.00,30.90,0,1.256,0.51,0.0120,23.9,-103,9.00
2026-08-28T20:28:00,0.00,30.90,0,1.265,1.22,0.0120,23.9,-101,9.25
2026-08-28T20:28:02,0.00,30.90,0,1.256,0.44,0.0120,23.9,-102,9.50
2026-08-28T20:28:03,0.00,30.90,0,1.255,0.38,0.0120,23.9,-100,9.25
2026-08-28T20:28:04,0.00,30.90,0,1.256,0.44,0.0120,23.9,-99,9.00
2026-08-28T20:28:05,0.00,30.90,0,1.255,0.38,0.0120,23.9,-99,9.00
2026-08-28T20:28:06,0.00,30.90,0,1.254,0.31,0.0120,23.9,-99,9.50
2026-08-28T20:28:07,0.00,30.90,0,1.254,0.31,0.0120,23.9,-99,9.25
2026-08-28T20:28:08,0.00,30.90,0,1.256,0.51,0.0120,23.9,-99,9.00
2026-08-28T20:28:09,0.00,30.90,0,1.256,0.51,0.0120,23.9,-99,9.00
2026-08-28T20:28:10,0.00,30.90,0,1.259,0.70,0.0120,23.9,-99,8.75
2026-08-28T20:28:11,0.00,30.90,0,1.256,0.44,0.0130,23.9,-99,9.00
2026-08-28T20:28:12,0.00,31.00,0,1.254,0.31,0.0130,23.9,-99,8.75
2026-08-28T20:28:14,0.00,31.00,0,1.255,0.38,0.0130,23.9,-99,9.00
2026-08-28T20:28:15,0.00,31.00,0,1.252,0.12,0.0130,23.9,-99,9.25
2026-08-28T20:28:16,0.00,31.00,0,1.252,0.18,0.0130,23.9,-99,9.00
2026-08-28T20:28:17,0.00,31.00,0,1.256,0.51,0.0130,23.9,-98,8.75
2026-08-28T20:28:18,0.00,31.00,0,1.255,0.38,0.0130,23.9,-99,9.50
2026-08-28T20:28:19,0.00,31.00,0,1.252,0.18,0.0130,23.9,-100,9.25
2026-08-28T20:28:20,0.00,31.00,0,1.257,0.57,0.0130,23.9,-101,9.25
2026-08-28T20:28:21,0.00,31.00,0,1.256,0.51,0.0140,23.9,-101,9.25
2026-08-28T20:28:22,0.00,31.00,0,1.255,0.38,0.0130,23.9,-101,9.25
2026-08-28T20:28:23,0.00,31.00,0,1.254,0.31,0.0130,23.9,-100,9.00
2026-08-28T20:28:24,0.00,31.00,0,1.256,0.51,0.0130,23.9,-100,9.25
2026-08-28T20:28:26,0.00,31.00,0,1.258,0.64,0.0130,23.9,-100,9.25
