timestamp,board_id,pressure_hpa,sht_temp_c,sht_humidity_pct,inir_a0_voltage,inir_ch4_analog_pctvol,inir_ch4_digital_pctvol,inir_temp_c,battery_voltage,rssi,snr,sample
2026-09-17T10:27:46,1,1021.85,21.34,100.00,1.625,30.03,29.5430,25.9,3.58,-60,9.75,
2026-09-17T10:27:47,1,1021.82,21.35,100.00,1.626,30.10,29.5300,25.9,3.64,-60,9.75,
2026-09-17T10:27:48,1,1021.95,21.35,100.00,1.627,30.16,29.5110,25.9,3.59,-61,9.75,
2026-09-17T10:27:49,1,1021.82,21.35,100.00,1.621,29.71,29.4870,25.9,3.64,-60,9.75,
2026-09-17T10:27:50,1,1021.90,21.36,100.00,1.625,29.97,29.4810,25.9,3.58,-60,10.00,
2026-09-17T10:27:52,1,1022.01,21.37,100.00,1.625,30.03,29.4730,25.9,3.64,-60,10.00,
2026-09-17T10:27:53,1,1021.97,21.34,100.00,1.625,29.97,29.4640,25.9,3.59,-62,9.75,
2026-09-17T10:27:54,1,1021.81,21.33,100.00,1.622,29.78,29.4530,25.9,3.63,-58,10.25,
2026-09-17T10:27:55,1,1021.79,21.34,100.00,1.627,30.16,29.4590,25.9,3.58,-58,10.00,
2026-09-17T10:27:56,1,1021.90,21.37,100.00,1.621,29.71,29.4640,25.9,3.64,-58,10.00,
2026-09-17T10:27:57,1,1021.76,21.35,100.00,1.626,30.10,29.4810,25.9,3.59,-62,10.00,
2026-09-17T10:27:58,1,1021.79,21.33,100.00,1.636,30.87,29.4800,25.9,3.63,-61,9.75,
2026-09-17T10:27:59,1,1021.90,21.33,100.00,1.628,30.23,29.4840,25.9,3.58,-64,10.00,
2026-09-17T10:28:01,1,1021.87,21.34,100.00,1.622,29.78,29.4960,25.9,3.63,-66,9.50,
2026-09-17T10:28:02,1,1021.91,21.34,100.00,1.628,30.23,29.5090,25.9,3.58,-66,10.25,
2026-09-17T10:28:03,1,1021.84,21.35,100.00,1.625,30.03,29.5060,25.9,3.63,-70,9.50,
2026-09-17T10:28:04,1,1022.01,21.34,100.00,1.627,30.16,29.5170,25.9,3.58,-64,9.75,
2026-09-17T10:28:05,1,1021.80,21.35,100.00,1.625,30.03,29.5090,25.9,3.63,-65,9.75,
2026-09-17T10:28:06,1,1021.87,21.33,100.00,1.625,30.03,29.5240,25.9,3.57,-64,9.50,
2026-09-17T10:28:07,1,1021.90,21.32,100.00,1.625,29.97,29.5200,25.9,3.64,-72,9.50,
2026-09-17T10:28:08,1,1021.87,21.31,100.00,1.627,30.16,29.5270,25.9,3.57,-57,10.00,
2026-09-17T10:28:10,1,1021.99,21.34,100.00,1.624,29.90,29.5360,25.9,3.64,-58,10.25,
2026-09-17T10:28:11,1,1021.89,21.33,100.00,1.626,30.10,29.5340,25.9,3.64,-58,9.75,
2026-09-17T10:28:12,1,1021.85,21.32,100.00,1.626,30.10,29.5460,25.9,3.59,-58,9.25,
2026-09-17T10:28:13,1,1021.88,21.32,100.00,1.626,30.10,29.5610,25.9,3.63,-58,9.50,
2026-09-17T10:28:14,1,1021.71,21.32,100.00,1.625,29.97,29.5610,25.9,3.59,-60,9.75,
2026-09-17T10:28:15,1,1021.86,21.33,100.00,1.628,30.23,29.5740,25.9,3.64,-57,10.50,
2026-09-17T10:28:16,1,1021.83,21.30,100.00,1.626,30.10,29.5700,25.9,3.59,-58,10.00,
2026-09-17T10:28:17,1,1021.74,21.30,100.00,1.626,30.10,29.5760,25.9,3.64,-61,10.25,
2026-09-17T10:28:19,1,1021.96,21.31,100.00,1.642,31.32,29.5890,25.9,3.59,-66,10.00,
2026-09-17T10:28:20,1,1021.89,21.31,100.00,1.621,29.71,29.5920,25.9,3.63,-72,10.00,
2026-09-17T10:28:29,1,1021.96,21.09,89.70,1.904,52.34,27.0040,25.9,3.63,-55,9.75,
2026-09-17T10:28:30,1,1022.00,21.05,87.78,1.345,7.60,25.8970,25.9,3.61,-59,10.00,
2026-09-17T10:28:31,1,1021.85,21.09,85.84,1.118,-10.58,23.4930,25.9,3.65,-55,9.75,
2026-09-17T10:28:32,1,1021.93,21.07,84.46,1.200,-4.01,22.0510,25.9,3.61,-54,9.25,
2026-09-17T10:28:33,1,1021.82,21.12,83.32,1.269,1.54,20.4790,25.9,3.64,-55,9.50,
2026-09-17T10:28:34,1,1021.86,21.11,83.03,1.328,6.24,18.8420,25.9,3.61,-57,9.75,
2026-09-17T10:28:35,1,1021.84,21.08,82.92,1.385,10.82,17.1720,25.9,3.65,-57,10.00,
2026-09-17T10:28:36,1,1021.86,21.08,81.71,1.428,14.24,15.5080,25.9,3.61,-57,9.75,
2026-09-17T10:28:38,1,1021.85,21.09,80.68,1.480,18.43,13.8580,25.9,3.64,-58,9.75,
2026-09-17T10:28:39,1,1021.79,21.08,80.03,1.515,21.20,12.2500,25.9,3.61,-60,9.50,
2026-09-17T10:28:40,1,1021.86,21.11,79.19,1.541,23.26,9.2420,25.9,3.65,-59,9.75,
2026-09-17T10:28:41,1,1021.84,21.10,78.44,1.548,23.84,7.8630,25.9,3.61,-59,9.25,
2026-09-17T10:28:42,1,1021.86,21.06,77.32,1.548,23.84,6.5750,25.9,3.65,-59,10.00,
2026-09-17T10:28:43,1,1021.91,21.07,76.32,1.556,24.49,5.4030,25.9,3.64,-58,9.75,
2026-09-17T10:28:44,1,1021.96,21.12,76.13,1.570,25.59,4.3600,25.9,3.61,-59,10.00,
2026-09-17T10:28:45,1,1021.84,21.09,76.06,1.600,28.04,3.5080,25.9,3.65,-59,9.50,
2026-09-17T10:28:47,1,1021.95,21.10,75.78,1.629,30.36,2.9690,25.9,3.62,-54,10.00,
2026-09-17T10:28:48,1,1021.97,21.10,75.10,1.636,30.87,2.4490,25.9,3.65,-56,10.25,
2026-09-17T10:28:49,1,1021.93,21.06,74.20,1.635,30.81,2.0140,24.9,3.62,-60,9.50,
2026-09-17T10:28:50,1,1021.95,21.09,73.47,1.642,31.39,1.3170,24.9,3.65,-56,10.25,
2026-09-17T10:28:51,1,1021.85,21.07,72.97,1.638,31.07,1.0510,24.9,3.62,-49,10.00,
2026-09-17T10:28:52,1,1021.88,21.06,72.51,1.650,32.03,0.8970,24.9,3.65,-45,9.75,
2026-09-17T10:28:53,1,1021.90,21.09,72.16,1.651,32.10,0.7540,24.9,3.62,-45,10.00,
2026-09-17T10:28:54,1,1022.03,21.08,72.09,1.658,32.68,0.6370,24.9,3.64,-45,9.75,
2026-09-17T10:28:56,1,1022.04,21.09,72.26,1.662,32.93,0.5410,24.9,3.62,-45,9.50,
2026-09-17T10:28:57,1,1022.06,21.06,72.66,1.688,35.06,0.4620,24.9,3.65,-46,9.50,
2026-09-17T10:28:58,1,1022.01,21.08,72.49,1.686,34.87,0.3970,24.9,3.60,-54,10.25,
2026-09-17T10:28:59,1,1022.04,21.09,72.51,1.590,27.20,0.2980,24.9,3.63,-50,9.50,
2026-09-17T10:29:00,1,1022.03,21.07,72.20,1.564,25.13,0.2600,24.9,3.61,-42,8.00,
2026-09-17T10:29:01,1,1022.06,21.07,71.75,1.577,26.17,0.2270,24.9,3.64,-43,3.00,
2026-09-17T10:29:02,1,1022.12,21.09,71.39,1.600,28.04,0.2010,24.9,3.60,-50,7.75,
2026-09-17T10:29:06,1,1043.20,21.05,70.91,1.772,41.77,0.1400,24.9,3.64,-51,9.50,
2026-09-17T10:29:07,1,1022.00,21.09,70.57,1.751,40.09,0.1250,24.9,3.60,-59,10.25,
2026-09-17T10:29:08,1,1021.93,21.07,70.62,1.755,40.41,0.1030,24.9,3.65,-53,9.75,
2026-09-17T10:29:09,1,1022.02,21.07,70.46,1.571,25.65,0.0950,24.9,3.64,-53,9.75,
2026-09-17T10:29:10,1,21847.76,21.07,70.46,0.870,-30.37,0.0870,24.9,3.64,-48,10.25,
2026-09-17T10:29:11,1,21847.76,21.07,70.46,0.790,-36.82,0.0810,24.9,3.64,-49,10.25,
2026-09-17T10:29:14,1,21847.76,21.07,70.46,0.784,-37.27,0.0000,0.0,3.65,-48,9.50,
2026-09-17T10:29:17,1,21847.76,21.07,70.46,0.730,-41.59,0.0000,0.0,3.65,-49,9.50,
2026-09-17T10:29:19,1,21847.76,21.07,70.46,0.767,-38.63,0.0000,0.0,3.65,-51,9.75,
2026-09-17T10:29:22,1,21847.76,21.07,70.46,0.755,-39.59,0.0000,0.0,3.65,-48,9.75,
2026-09-17T10:29:25,1,21847.76,21.07,70.46,0.754,-39.66,0.0000,0.0,3.65,-52,10.00,
2026-09-17T10:29:27,1,21847.76,21.07,70.46,0.742,-40.62,0.0000,0.0,3.65,-53,9.25,
2026-09-17T10:29:30,1,21847.76,21.07,70.46,0.675,-46.04,0.0000,0.0,3.65,-55,9.25,
2026-09-17T10:29:33,1,21847.76,21.07,70.46,0.707,-43.46,0.0000,0.0,3.64,-51,9.50,
2026-09-17T10:29:35,1,21847.76,21.07,70.46,0.706,-43.53,0.0000,0.0,3.65,-52,9.25,
2026-09-17T10:29:38,1,21847.76,21.07,70.46,0.708,-43.40,0.0000,0.0,3.74,-44,9.50,
2026-09-17T10:29:41,1,21847.76,21.07,70.46,0.705,-43.59,0.0000,0.0,3.74,-47,9.25,
2026-09-17T10:29:44,1,21847.76,21.07,70.46,0.720,-42.43,0.0000,0.0,3.74,-60,9.25,
2026-09-17T10:29:46,1,21847.76,21.07,70.46,0.784,-37.27,0.0000,0.0,3.74,-55,9.25,
2026-09-17T10:29:49,1,21847.76,21.07,70.46,0.542,-56.61,0.0000,0.0,3.75,-61,9.50,
2026-09-17T10:29:52,1,21847.76,21.07,70.46,0.601,-51.91,0.0000,0.0,3.74,-58,9.25,
2026-09-17T10:29:54,1,21847.76,21.07,70.46,0.565,-54.81,0.0000,0.0,3.76,-55,9.75,
2026-09-17T10:29:57,1,21847.76,21.07,70.46,0.695,-44.36,0.0000,0.0,3.76,-57,9.50,
2026-09-17T10:30:00,1,21847.76,21.07,70.46,0.729,-41.66,0.0000,0.0,3.77,-45,9.25,
2026-09-17T10:30:02,1,21847.76,21.07,70.46,0.665,-46.81,0.0000,0.0,3.77,-45,9.50,
2026-09-17T10:30:05,1,21847.76,21.07,70.46,0.641,-48.75,0.0000,0.0,3.76,-45,9.75,
2026-09-17T10:30:08,1,21847.76,21.07,70.46,0.706,-43.53,0.0000,0.0,3.77,-43,9.50,
2026-09-17T10:30:11,1,21847.76,21.07,70.46,0.694,-44.49,0.0000,0.0,3.76,-46,9.75,
2026-09-17T10:30:13,1,21847.76,21.07,70.46,0.682,-45.46,0.0000,0.0,3.76,-45,9.75,
2026-09-17T10:30:16,1,21847.76,21.07,70.46,0.679,-45.65,0.0000,0.0,3.76,-45,10.00,
2026-09-17T10:30:19,1,21847.76,21.07,70.46,0.668,-46.56,0.0000,0.0,3.77,-45,9.75,
2026-09-17T10:30:21,1,21847.76,21.07,70.46,0.657,-47.46,0.0000,0.0,3.77,-46,9.75,
2026-09-17T10:30:24,1,21847.76,21.07,70.46,0.584,-53.26,0.0000,0.0,3.76,-45,9.75,
2026-09-17T10:30:27,1,21847.76,21.07,70.46,0.528,-57.77,0.0000,0.0,3.75,-45,9.75,
2026-09-17T10:30:30,1,21847.76,21.07,70.46,0.521,-58.35,0.0000,0.0,3.76,-46,9.50,
2026-09-17T10:30:32,1,21847.76,21.07,70.46,0.528,-57.77,0.0000,0.0,3.77,-45,9.75,
2026-09-17T10:30:35,1,21847.76,21.07,70.46,0.541,-56.74,0.0000,0.0,3.77,-45,9.50,
2026-09-17T10:30:38,1,21847.76,21.07,70.46,0.558,-55.32,0.0000,0.0,3.77,-45,9.75,
2026-09-17T10:30:40,1,21847.76,21.07,70.46,0.639,-48.88,0.0000,0.0,3.77,-45,9.50,
2026-09-17T10:30:43,1,21847.76,21.07,70.46,0.686,-45.14,0.0000,0.0,3.77,-45,9.75,
2026-09-17T10:30:46,1,21847.76,21.07,70.46,0.685,-45.20,0.0000,0.0,3.77,-45,9.50,
2026-09-17T10:30:48,1,21847.76,21.07,70.46,0.670,-46.43,0.0000,0.0,3.77,-45,9.50,
2026-09-17T10:30:51,1,21847.76,21.07,70.46,0.648,-48.17,0.0000,0.0,3.77,-44,9.25,
2026-09-17T10:30:54,1,21847.76,21.07,70.46,0.587,-53.07,0.0000,0.0,3.77,-45,9.50,
2026-09-17T10:30:57,1,21847.76,21.07,70.46,0.514,-58.87,0.0000,0.0,3.77,-45,9.50,
2026-09-17T10:30:59,1,21847.76,21.07,70.46,0.506,-59.51,0.0000,0.0,3.76,-45,9.50,
2026-09-17T10:31:02,1,21847.76,21.07,70.46,0.525,-57.97,0.0000,0.0,3.77,-45,9.50,
2026-09-17T10:31:05,1,21847.76,21.07,70.46,0.545,-56.42,0.0000,0.0,3.76,-45,9.75,
2026-09-17T10:31:07,1,21847.76,21.07,70.46,0.609,-51.26,0.0000,0.0,3.77,-45,10.00,
2026-09-17T10:31:10,1,21847.76,21.07,70.46,0.683,-45.33,0.0000,0.0,3.77,-45,9.50,
2026-09-17T10:31:13,1,21847.76,21.07,70.46,0.675,-45.98,0.0000,0.0,3.77,-44,9.25,
2026-09-17T10:31:15,1,21847.76,21.07,70.46,0.654,-47.72,0.0000,0.0,3.77,-45,9.50,
2026-09-17T10:31:18,1,21847.76,21.07,70.46,0.521,-58.29,0.0000,0.0,3.76,-45,9.50,
2026-09-17T10:31:21,1,21847.76,21.07,70.46,0.513,-58.93,0.0000,0.0,3.77,-45,9.50,
2026-09-17T10:31:24,1,21847.76,21.07,70.46,0.522,-58.22,0.0000,0.0,3.76,-45,9.50,
2026-09-17T10:31:26,1,21847.76,21.07,70.46,0.553,-55.77,0.0000,0.0,3.77,-45,9.75,
2026-09-17T10:31:29,1,21847.76,21.07,70.46,0.673,-46.17,0.0000,0.0,3.76,-45,9.50,
2026-09-17T10:31:32,1,21847.76,21.07,70.46,0.670,-46.36,0.0000,0.0,3.77,-44,9.50,
2026-09-17T10:31:34,1,21847.76,21.07,70.46,0.653,-47.78,0.0000,0.0,3.77,-45,9.75,
2026-09-17T10:31:37,1,21847.76,21.07,70.46,0.572,-54.23,0.0000,0.0,3.77,-45,9.50,
2026-09-17T10:31:40,1,21847.76,21.07,70.46,0.510,-59.19,0.0000,0.0,3.76,-45,9.50,
2026-09-17T10:31:42,1,21847.76,21.07,70.46,0.527,-57.84,0.0000,0.0,3.77,-45,9.25,
2026-09-17T10:31:45,1,21847.76,21.07,70.46,0.550,-56.03,0.0000,0.0,3.77,-45,9.50,
2026-09-17T10:31:48,1,21847.76,21.07,70.46,0.674,-46.10,0.0000,0.0,3.77,-45,9.75,
2026-09-17T10:31:51,1,21847.76,21.07,70.46,0.673,-46.17,0.0000,0.0,3.77,-45,9.50,
2026-09-17T10:31:53,1,21847.76,21.07,70.46,0.650,-48.04,0.0000,0.0,3.76,-45,9.50,
2026-09-17T10:31:56,1,21847.76,21.07,70.46,0.554,-55.65,0.0000,0.0,3.77,-45,9.50,
2026-09-17T10:31:59,1,21847.76,21.07,70.46,0.452,-63.83,0.0000,0.0,3.77,-45,9.50,
2026-09-17T10:32:01,1,21847.76,21.07,70.46,0.525,-58.03,0.0000,0.0,3.77,-45,9.50,
2026-09-17T10:32:04,1,21847.76,21.07,70.46,0.588,-52.94,0.0000,0.0,3.77,-45,9.75,
2026-09-17T10:32:07,1,21847.76,21.07,70.46,0.687,-45.01,0.0000,0.0,3.77,-54,9.75,
2026-09-17T10:32:09,1,21847.76,21.07,70.46,0.672,-46.23,0.0000,0.0,3.77,-48,10.00,
2026-09-17T10:32:12,1,21847.76,21.07,70.46,0.645,-48.42,0.0000,0.0,3.76,-46,10.00,
2026-09-17T10:32:15,1,21847.76,21.07,70.46,0.463,-62.99,0.0000,0.0,3.76,-46,10.25,
2026-09-17T10:32:18,1,21847.76,21.07,70.46,0.527,-57.84,0.0000,0.0,3.77,-53,9.25,
2026-09-17T10:32:20,1,21847.76,21.07,70.46,0.561,-55.13,0.0000,0.0,3.77,-46,9.50,
2026-09-17T10:32:23,1,21847.76,21.07,70.46,0.681,-45.52,0.0000,0.0,3.77,-46,9.75,
2026-09-17T10:32:26,1,21847.76,21.07,70.46,0.672,-46.23,0.0000,0.0,3.76,-46,9.75,
2026-09-17T10:32:28,1,21847.76,21.07,70.46,0.631,-49.52,0.0000,0.0,3.76,-45,9.75,
2026-09-17T10:32:31,1,21847.76,21.07,70.46,0.518,-58.55,0.0000,0.0,3.77,-45,9.50,
2026-09-17T10:32:34,1,21847.76,21.07,70.46,0.518,-58.55,0.0000,0.0,3.77,-45,9.50,
2026-09-17T10:32:36,1,21847.76,21.07,70.46,0.558,-55.32,0.0000,0.0,3.77,-45,9.50,
2026-09-17T10:32:39,1,21847.76,21.07,70.46,0.674,-46.10,0.0000,0.0,3.78,-44,9.25,
2026-09-17T10:32:42,1,21847.76,21.07,70.46,0.667,-46.62,0.0000,0.0,3.77,-45,9.50,
2026-09-17T10:32:45,1,21847.76,21.07,70.46,0.647,-48.23,0.0000,0.0,3.77,-45,9.75,
2026-09-17T10:32:47,1,21847.76,21.07,70.46,0.525,-58.03,0.0000,0.0,3.77,-45,9.50,
2026-09-17T10:32:50,1,21847.76,21.07,70.46,0.514,-58.87,0.0000,0.0,3.77,-45,9.50,
2026-09-17T10:32:53,1,21847.76,21.07,70.46,0.530,-57.58,0.0000,0.0,3.77,-46,9.25,
2026-09-17T10:32:55,1,21847.76,21.07,70.46,0.615,-50.81,0.0000,0.0,3.77,-45,9.75,
2026-09-17T10:32:58,1,21847.76,21.07,70.46,0.680,-45.59,0.0000,0.0,3.77,-47,9.75,
2026-09-17T10:33:01,1,21847.76,21.07,70.46,0.663,-46.94,0.0000,0.0,3.76,-45,9.75,
2026-09-17T10:33:04,1,21847.76,21.07,70.46,0.626,-49.91,0.0000,0.0,3.77,-46,9.75,
2026-09-17T10:33:06,1,21847.76,21.07,70.46,0.513,-59.00,0.0000,0.0,3.77,-46,10.00,
2026-09-17T10:33:09,1,21847.76,21.07,70.46,0.519,-58.48,0.0000,0.0,3.77,-46,9.75,
2026-09-17T10:33:12,1,21847.76,21.07,70.46,0.538,-56.93,0.0000,0.0,3.77,-46,9.50,
2026-09-17T10:33:14,1,21847.76,21.07,70.46,0.650,-47.97,0.0000,0.0,3.77,-46,10.00,
2026-09-17T10:33:17,1,21847.76,21.07,70.46,0.676,-45.91,0.0000,0.0,3.77,-46,9.75,
2026-09-17T10:33:20,1,21847.76,21.07,70.46,0.593,-52.55,0.0000,0.0,3.77,-45,12.50,
2026-09-17T10:33:22,1,21847.76,21.07,70.46,0.565,-54.81,0.0000,0.0,3.77,-48,9.25,
2026-09-17T10:33:25,1,21847.76,21.07,70.46,0.514,-58.87,0.0000,0.0,3.76,-47,9.00,
2026-09-17T10:33:28,1,21847.76,21.07,70.46,0.525,-57.97,0.0000,0.0,3.77,-47,9.75,
2026-09-17T10:33:31,1,21847.76,21.07,70.46,0.570,-54.42,0.0000,0.0,3.77,-48,9.50,
2026-09-17T10:33:33,1,21847.76,21.07,70.46,0.683,-45.33,0.0000,0.0,3.77,-48,9.25,
2026-09-17T10:33:36,1,21847.76,21.07,70.46,0.667,-46.62,0.0000,0.0,3.77,-48,9.25,
2026-09-17T10:33:39,1,21847.76,21.07,70.46,0.641,-48.75,0.0000,0.0,3.77,-47,9.75,
2026-09-17T10:33:41,1,21847.76,21.07,70.46,0.529,-57.71,0.0000,0.0,3.77,-48,9.50,
2026-09-17T10:33:44,1,21847.76,21.07,70.46,0.524,-58.10,0.0000,0.0,3.77,-47,9.50,
2026-09-17T10:33:47,1,21847.76,21.07,70.46,0.504,-59.64,0.0000,0.0,3.78,-48,9.50,
2026-09-17T10:33:49,1,21847.76,21.07,70.46,0.680,-45.59,0.0000,0.0,3.77,-48,9.25,
2026-09-17T10:33:52,1,21847.76,21.07,70.46,0.666,-46.75,0.0000,0.0,3.77,-47,9.75,
2026-09-17T10:33:55,1,21847.76,21.07,70.46,0.609,-51.26,0.0000,0.0,3.77,-48,9.50,
2026-09-17T10:33:58,1,21847.76,21.07,70.46,0.506,-59.51,0.0000,0.0,3.77,-47,9.50,
2026-09-17T10:34:00,1,21847.76,21.07,70.46,0.527,-57.84,0.0000,0.0,3.77,-47,9.25,
2026-09-17T10:34:03,1,21847.76,21.07,70.46,0.592,-52.68,0.0000,0.0,3.77,-47,9.00,
2026-09-17T10:34:06,1,21847.76,21.07,70.46,0.682,-45.46,0.0000,0.0,3.77,-47,9.75,
2026-09-17T10:34:08,1,21847.76,21.07,70.46,0.666,-46.68,0.0000,0.0,3.77,-47,9.50,
2026-09-17T10:34:11,1,21847.76,21.07,70.46,0.634,-49.26,0.0000,0.0,3.77,-46,9.75,
2026-09-17T10:34:14,1,21847.76,21.07,70.46,0.516,-58.74,0.0000,0.0,3.78,-46,9.50,
2026-09-17T10:34:16,1,21847.76,21.07,70.46,0.515,-58.80,0.0000,0.0,3.77,-46,9.75,
2026-09-17T10:34:19,1,21847.76,21.07,70.46,0.547,-56.23,0.0000,0.0,3.77,-46,12.00,
2026-09-17T10:34:22,1,21847.76,21.07,70.46,0.646,-48.30,0.0000,0.0,3.77,-45,9.25,
2026-09-17T10:34:25,1,21847.76,21.07,70.46,0.679,-45.72,0.0000,0.0,3.77,-45,10.00,
2026-09-17T10:34:27,1,21847.76,21.07,70.46,0.653,-47.78,0.0000,0.0,3.77,-46,9.75,
2026-09-17T10:34:30,1,21847.76,21.07,70.46,0.565,-54.81,0.0000,0.0,3.77,-44,9.75,
2026-09-17T10:34:33,1,21847.76,21.07,70.46,0.517,-58.61,0.0000,0.0,3.77,-46,9.75,
2026-09-17T10:34:35,1,21847.76,21.07,70.46,0.476,-61.90,0.0000,0.0,3.77,-46,9.75,
2026-09-17T10:34:38,1,21847.76,21.07,70.46,0.600,-51.97,0.0000,0.0,3.77,-46,9.50,
2026-09-17T10:34:41,1,21847.76,21.07,70.46,0.677,-45.85,0.0000,0.0,3.77,-45,9.50,
2026-09-17T10:34:43,1,21847.76,21.07,70.46,0.668,-46.56,0.0000,0.0,3.77,-44,9.75,
2026-09-17T10:34:46,1,21847.76,21.07,70.46,0.613,-50.94,0.0000,0.0,3.77,-44,9.50,
2026-09-17T10:34:49,1,21847.76,21.07,70.46,0.511,-59.13,0.0000,0.0,3.77,-44,9.75,
2026-09-17T10:34:52,1,21847.76,21.07,70.46,0.474,-62.09,0.0000,0.0,3.77,-45,9.75,
2026-09-17T10:34:54,1,21847.76,21.07,70.46,0.602,-51.84,0.0000,0.0,3.77,-49,9.25,
2026-09-17T10:34:57,1,21847.76,21.07,70.46,0.675,-46.04,0.0000,0.0,3.77,-46,9.50,
2026-09-17T10:35:00,1,21847.76,21.07,70.46,0.656,-47.52,0.0000,0.0,3.77,-46,10.00,
2026-09-17T10:35:02,1,21847.76,21.07,70.46,0.612,-51.00,0.0000,0.0,3.78,-46,9.75,
2026-09-17T10:35:05,1,21847.76,21.07,70.46,0.510,-59.19,0.0000,0.0,3.77,-45,9.50,
2026-09-17T10:35:08,1,21847.76,21.07,70.46,0.513,-58.93,0.0000,0.0,3.78,-46,10.00,
2026-09-17T10:35:10,1,21847.76,21.07,70.46,0.536,-57.13,0.0000,0.0,3.78,-44,9.25,
2026-09-17T10:35:13,1,21847.76,21.07,70.46,0.582,-53.45,0.0000,0.0,3.77,-45,9.75,
2026-09-17T10:35:16,1,21847.76,21.07,70.46,0.676,-45.91,0.0000,0.0,3.78,-46,9.50,
2026-09-17T10:35:19,1,21847.76,21.07,70.46,0.679,-45.65,0.0000,0.0,3.77,-46,9.75,
2026-09-17T10:35:21,1,21847.76,21.07,70.46,0.607,-51.45,0.0000,0.0,3.78,-46,9.50,
2026-09-17T10:35:24,1,21847.76,21.07,70.46,0.642,-48.62,0.0000,0.0,3.77,-45,9.75,
2026-09-17T10:35:27,1,21847.76,21.07,70.46,0.587,-53.07,0.0000,0.0,3.78,-46,9.50,
2026-09-17T10:35:29,1,21847.76,21.07,70.46,0.521,-58.29,0.0000,0.0,3.78,-46,9.50,
2026-09-17T10:35:32,1,21847.76,21.07,70.46,0.515,-58.80,0.0000,0.0,3.77,-46,9.75,
2026-09-17T10:35:35,1,21847.76,21.07,70.46,0.465,-62.80,0.0000,0.0,3.78,-40,6.50,
2026-09-17T10:35:38,1,21847.76,21.07,70.46,0.537,-57.06,0.0000,0.0,3.77,-39,6.00,
2026-09-17T10:35:40,1,21847.76,21.07,70.46,0.579,-53.71,0.0000,0.0,3.77,-40,5.00,
2026-09-17T10:35:43,1,21847.76,21.07,70.46,0.673,-46.17,0.0000,0.0,3.77,-39,5.75,
2026-09-17T10:35:46,1,21847.76,21.07,70.46,0.699,-44.04,0.0000,0.0,3.77,-39,6.00,
2026-09-17T10:35:48,1,21847.76,21.07,70.46,0.694,-44.49,0.0000,0.0,3.77,-39,7.00,
2026-09-17T10:35:51,1,21847.76,21.07,70.46,0.640,-48.81,0.0000,0.0,3.77,-46,8.75,
2026-09-17T10:36:10,1,21847.76,21.07,70.46,0.704,-43.65,0.0000,0.0,3.78,-46,10.00,
2026-09-17T10:36:13,1,21847.76,21.07,70.46,0.685,-45.20,0.0000,0.0,3.77,-46,9.75,
2026-09-17T10:36:15,1,21847.76,21.07,70.46,0.613,-50.94,0.0000,0.0,3.77,-46,9.75,
2026-09-17T10:36:18,1,21847.76,21.07,70.46,0.554,-55.65,0.0000,0.0,3.77,-46,9.75,
2026-09-17T10:36:21,1,21847.76,21.07,70.46,0.522,-58.22,0.0000,0.0,3.77,-46,11.25,
2026-09-17T10:36:23,1,21847.76,21.07,70.46,0.534,-57.26,0.0000,0.0,3.78,-45,10.00,
2026-09-17T10:36:26,1,21847.76,21.07,70.46,0.545,-56.42,0.0000,0.0,3.78,-46,9.75,
2026-09-17T10:36:29,1,21847.76,21.07,70.46,0.609,-51.26,0.0000,0.0,3.77,-46,10.00,
2026-09-17T10:36:32,1,21847.76,21.07,70.46,0.680,-45.59,0.0000,0.0,3.77,-47,9.50,
2026-09-17T10:36:34,1,21847.76,21.07,70.46,0.688,-44.94,0.0000,0.0,3.78,-60,9.25,
2026-09-17T10:36:37,1,21847.76,21.07,70.46,0.676,-45.91,0.0000,0.0,3.77,-45,12.00,
2026-09-17T10:36:40,1,21847.76,21.07,70.46,0.652,-47.84,0.0000,0.0,3.77,-55,9.25,
2026-09-17T10:36:42,1,21847.76,21.07,70.46,0.569,-54.48,0.0000,0.0,3.77,-45,9.50,
2026-09-17T10:36:45,1,21847.76,21.07,70.46,0.519,-58.48,0.0000,0.0,3.77,-45,9.50,
2026-09-17T10:36:48,1,21847.76,21.07,70.46,0.515,-58.80,0.0000,0.0,3.77,-45,9.50,
2026-09-17T10:36:50,1,21847.76,21.07,70.46,0.521,-58.29,0.0000,0.0,3.78,-45,9.50,
2026-09-17T10:36:53,1,21847.76,21.07,70.46,0.534,-57.26,0.0000,0.0,3.78,-45,10.00,
2026-09-17T10:36:56,1,21847.76,21.07,70.46,0.550,-56.03,0.0000,0.0,3.78,-45,9.50,
2026-09-17T10:36:59,1,21847.76,21.07,70.46,0.615,-50.81,0.0000,0.0,3.79,-45,9.50,
2026-09-17T10:37:01,1,21847.76,21.07,70.46,0.668,-46.56,0.0000,0.0,3.78,-42,11.75,
2026-09-17T10:37:04,1,21847.76,21.07,70.46,0.682,-45.46,0.0000,0.0,3.78,-45,9.00,
2026-09-17T10:37:09,1,21847.76,21.07,70.46,0.666,-46.75,0.0000,0.0,3.77,-45,9.75,
2026-09-17T10:37:12,1,21847.76,21.07,70.46,0.649,-48.10,0.0000,0.0,3.78,-46,9.50,
2026-09-17T10:37:15,1,21847.76,21.07,70.46,0.554,-55.65,0.0000,0.0,3.77,-46,9.50,
2026-09-17T10:37:17,1,21847.76,21.07,70.46,0.510,-59.19,0.0000,0.0,3.78,-46,9.75,
2026-09-17T10:37:20,1,21847.76,21.07,70.46,0.534,-57.26,0.0000,0.0,3.78,-46,9.50,
2026-09-17T10:37:23,1,21847.76,21.07,70.46,0.637,-49.01,0.0000,0.0,3.77,-46,9.50,
2026-09-17T10:37:26,1,21847.76,21.07,70.46,0.677,-45.85,0.0000,0.0,3.78,-46,9.50,
2026-09-17T10:37:31,1,21847.76,21.07,70.46,0.521,-58.29,0.0000,0.0,3.76,-46,10.25,
2026-09-17T10:37:34,1,21847.76,21.07,70.46,0.508,-59.32,0.0000,0.0,3.78,-46,10.25,
2026-09-17T10:37:36,1,21847.76,21.07,70.46,0.488,-61.00,0.0000,0.0,3.77,-46,9.75,
2026-09-17T10:37:39,1,21847.76,21.07,70.46,0.677,-45.85,0.0000,0.0,3.78,-46,9.75,
2026-09-17T10:37:42,1,21847.76,21.07,70.46,0.676,-45.91,0.0000,0.0,3.78,-44,9.75,
2026-09-17T10:37:44,1,21847.76,21.07,70.46,0.640,-48.81,0.0000,0.0,3.78,-46,9.50,
2026-09-17T10:37:47,1,21847.76,21.07,70.46,0.518,-58.55,0.0000,0.0,3.77,-47,9.50,
2026-09-17T10:37:50,1,21847.76,21.07,70.46,0.522,-58.22,0.0000,0.0,3.77,-47,9.75,
2026-09-17T10:37:53,1,21847.76,21.07,70.46,0.550,-55.97,0.0000,0.0,3.77,-46,12.00,
2026-09-17T10:37:55,1,21847.76,21.07,70.46,0.665,-46.81,0.0000,0.0,3.78,-47,9.75,
2026-09-17T10:37:58,1,21847.76,21.07,70.46,0.665,-46.81,0.0000,0.0,3.78,-47,9.75,
2026-09-17T10:38:01,1,21847.76,21.07,70.46,0.644,-48.49,0.0000,0.0,3.78,-47,9.75,
2026-09-17T10:38:03,1,21847.76,21.07,70.46,0.520,-58.42,0.0000,0.0,3.78,-46,9.50,
2026-09-17T10:38:06,1,21847.76,21.07,70.46,0.521,-58.29,0.0000,0.0,3.78,-47,9.50,
2026-09-17T10:38:09,1,21847.76,21.07,70.46,0.493,-60.55,0.0000,0.0,3.77,-47,9.50,
2026-09-17T10:38:12,1,21847.76,21.07,70.46,0.678,-45.78,0.0000,0.0,3.78,-48,9.75,
2026-09-17T10:38:14,1,21847.76,21.07,70.46,0.672,-46.23,0.0000,0.0,3.77,-45,9.75,
2026-09-17T10:38:17,1,21847.76,21.07,70.46,0.638,-48.94,0.0000,0.0,3.78,-47,9.50,
2026-09-17T10:38:20,1,21847.76,21.07,70.46,0.509,-59.26,0.0000,0.0,3.78,-46,10.00,
2026-09-17T10:38:22,1,21847.76,21.07,70.46,0.523,-58.16,0.0000,0.0,3.78,-46,9.25,
2026-09-17T10:38:25,1,21847.76,21.07,70.46,0.571,-54.29,0.0000,0.0,3.78,-46,9.75,
2026-09-17T10:38:28,1,21847.76,21.07,70.46,0.683,-45.33,0.0000,0.0,3.78,-46,9.50,
2026-09-17T10:38:30,1,21847.76,21.07,70.46,0.662,-47.01,0.0000,0.0,3.78,-46,9.25,
2026-09-17T10:38:33,1,21847.76,21.07,70.46,0.580,-53.58,0.0000,0.0,3.78,-46,9.75,
2026-09-17T10:38:36,1,21847.76,21.07,70.46,0.508,-59.38,0.0000,0.0,3.78,-46,9.75,
2026-09-17T10:38:39,1,21847.76,21.07,70.46,0.534,-57.26,0.0000,0.0,3.78,-46,10.00,
2026-09-17T10:38:41,1,21847.76,21.07,70.46,0.620,-50.42,0.0000,0.0,3.78,-46,10.00,
2026-09-17T10:38:44,1,21847.76,21.07,70.46,0.681,-45.52,0.0000,0.0,3.78,-46,9.75,
2026-09-17T10:38:47,1,21847.76,21.07,70.46,0.662,-47.07,0.0000,0.0,3.78,-46,9.75,
2026-09-17T10:38:49,1,21847.76,21.07,70.46,0.598,-52.16,0.0000,0.0,3.77,-46,10.00,
2026-09-17T10:38:52,1,21847.76,21.07,70.46,0.456,-63.51,0.0000,0.0,3.77,-45,9.75,
2026-09-17T10:38:55,1,21847.76,21.07,70.46,0.529,-57.71,0.0000,0.0,3.78,-46,9.75,
2026-09-17T10:38:57,1,21847.76,21.07,70.46,0.579,-53.71,0.0000,0.0,3.78,-46,9.50,
2026-09-17T10:39:00,1,21847.76,21.07,70.46,0.666,-46.68,0.0000,0.0,3.78,-46,10.00,
2026-09-17T10:39:03,1,21847.76,21.07,70.46,0.671,-46.30,0.0000,0.0,3.77,-46,9.50,
2026-09-17T10:39:06,1,21847.76,21.07,70.46,0.640,-48.81,0.0000,0.0,3.78,-45,9.75,
2026-09-17T10:39:08,1,21847.76,21.07,70.46,0.528,-57.77,0.0000,0.0,3.78,-46,9.75,
2026-09-17T10:39:11,1,21847.76,21.07,70.46,0.521,-58.29,0.0000,0.0,3.78,-46,13.00,
2026-09-17T10:39:14,1,21847.76,21.07,70.46,0.541,-56.74,0.0000,0.0,3.77,-46,9.75,
2026-09-17T10:39:16,1,21847.76,21.07,70.46,0.655,-47.59,0.0000,0.0,3.78,-46,9.75,
2026-09-17T10:39:19,1,21847.76,21.07,70.46,0.677,-45.85,0.0000,0.0,3.78,-46,9.75,
2026-09-17T10:39:22,1,21847.76,21.07,70.46,0.658,-47.33,0.0000,0.0,3.78,-46,9.75,
2026-09-17T10:39:24,1,21847.76,21.07,70.46,0.536,-57.13,0.0000,0.0,3.78,-46,9.75,
2026-09-17T10:39:27,1,21847.76,21.07,70.46,0.517,-58.68,0.0000,0.0,3.78,-46,9.75,
2026-09-17T10:39:30,1,21847.76,21.07,70.46,0.529,-57.64,0.0000,0.0,3.78,-46,9.75,
2026-09-17T10:39:33,1,21847.76,21.07,70.46,0.620,-50.42,0.0000,0.0,3.78,-44,9.75,
2026-09-17T10:39:35,1,21847.76,21.07,70.46,0.633,-49.39,0.0000,0.0,3.78,-46,9.75,
2026-09-17T10:39:38,1,21847.76,21.07,70.46,0.662,-47.01,0.0000,0.0,3.77,-46,9.25,
2026-09-17T10:39:41,1,21847.76,21.07,70.46,0.637,-49.01,0.0000,0.0,3.77,-46,10.00,
2026-09-17T10:39:43,1,21847.76,21.07,70.46,0.521,-58.29,0.0000,0.0,3.78,-46,9.75,
2026-09-17T10:39:46,1,21847.76,21.07,70.46,0.513,-59.00,0.0000,0.0,3.78,-46,9.75,
2026-09-17T10:39:49,1,21847.76,21.07,70.46,0.546,-56.35,0.0000,0.0,3.78,-45,9.75,
2026-09-17T10:39:51,1,21847.76,21.07,70.46,0.629,-49.71,0.0000,0.0,3.78,-45,9.50,
2026-09-17T10:39:54,1,21847.76,21.07,70.46,0.674,-46.10,0.0000,0.0,3.78,-45,10.75,
2026-09-17T10:39:57,1,21847.76,21.07,70.46,0.669,-46.49,0.0000,0.0,3.78,-45,9.75,
2026-09-17T10:40:00,1,21847.76,21.07,70.46,0.645,-48.42,0.0000,0.0,3.78,-45,9.25,
2026-09-17T10:40:02,1,21847.76,21.07,70.46,0.546,-56.29,0.0000,0.0,3.78,-45,9.75,
2026-09-17T10:40:05,1,21847.76,21.07,70.46,0.509,-59.26,0.0000,0.0,3.78,-45,9.50,
2026-09-17T10:40:08,1,21847.76,21.07,70.46,0.520,-58.42,0.0000,0.0,3.78,-46,9.75,
2026-09-17T10:40:10,1,21847.76,21.07,70.46,0.537,-57.06,0.0000,0.0,3.78,-45,9.50,
2026-09-17T10:40:13,1,21847.76,21.07,70.46,0.625,-49.97,0.0000,0.0,3.78,-46,9.50,
2026-09-17T10:40:16,1,21847.76,21.07,70.46,0.681,-45.52,0.0000,0.0,3.78,-45,9.25,
2026-09-17T10:40:18,1,21847.76,21.07,70.46,0.675,-46.04,0.0000,0.0,3.78,-45,9.25,
2026-09-17T10:40:21,1,21847.76,21.07,70.46,0.649,-48.10,0.0000,0.0,3.78,-46,9.75,
2026-09-17T10:40:24,1,21847.76,21.07,70.46,0.558,-55.39,0.0000,0.0,3.78,-46,9.50,
2026-09-17T10:40:27,1,21847.76,21.07,70.46,0.510,-59.19,0.0000,0.0,3.78,-46,9.75,
2026-09-17T10:40:29,1,21847.76,21.07,70.46,0.526,-57.90,0.0000,0.0,3.78,-46,9.75,
2026-09-17T10:40:32,1,21847.76,21.07,70.46,0.539,-56.87,0.0000,0.0,3.78,-44,9.75,
2026-09-17T10:40:35,1,21847.76,21.07,70.46,0.629,-49.65,0.0000,0.0,3.78,-46,9.75,
2026-09-17T10:40:37,1,21847.76,21.07,70.46,0.683,-45.39,0.0000,0.0,3.78,-46,10.00,
2026-09-17T10:40:40,1,21847.76,21.07,70.46,0.672,-46.23,0.0000,0.0,3.78,-47,9.75,
2026-09-17T10:40:43,1,21847.76,21.07,70.46,0.651,-47.91,0.0000,0.0,3.78,-45,10.00,
2026-09-17T10:40:46,1,21847.76,21.07,70.46,0.557,-55.45,0.0000,0.0,3.78,-45,9.25,
2026-09-17T10:40:48,1,21847.76,21.07,70.46,0.455,-63.64,0.0000,0.0,3.78,-45,9.50,
2026-09-17T10:40:51,1,21847.76,21.07,70.46,0.537,-57.06,0.0000,0.0,3.78,-45,9.75,
2026-09-17T10:40:54,1,21847.76,21.07,70.46,0.571,-54.29,0.0000,0.0,3.78,-45,9.50,
2026-09-17T10:40:56,1,21847.76,21.07,70.46,0.674,-46.10,0.0000,0.0,3.78,-45,9.25,
2026-09-17T10:40:59,1,21847.76,21.07,70.46,0.676,-45.91,0.0000,0.0,3.78,-45,9.50,
2026-09-17T10:41:02,1,21847.76,21.07,70.46,0.590,-52.81,0.0000,0.0,3.79,-44,9.75,
2026-09-17T10:41:04,1,21847.76,21.07,70.46,0.538,-57.00,0.0000,0.0,3.78,-44,9.50,
2026-09-17T10:41:07,1,21847.76,21.07,70.46,0.517,-58.68,0.0000,0.0,3.79,-44,9.75,
2026-09-17T10:41:10,1,21847.76,21.07,70.46,0.533,-57.39,0.0000,0.0,3.78,-45,9.75,
2026-09-17T10:41:13,1,21847.76,21.07,70.46,0.597,-52.23,0.0000,0.0,3.78,-46,9.75,
2026-09-17T10:41:15,1,21847.76,21.07,70.46,0.684,-45.27,0.0000,0.0,3.77,-44,9.75,
2026-09-17T10:41:18,1,21847.76,21.07,70.46,0.672,-46.23,0.0000,0.0,3.78,-67,9.50,
2026-09-17T10:41:21,1,21847.76,21.07,70.46,0.653,-47.78,0.0000,0.0,3.78,-61,9.50,
2026-09-17T10:41:23,1,21847.76,21.07,70.46,0.563,-54.94,0.0000,0.0,3.78,-60,9.75,
2026-09-17T10:41:26,1,21847.76,21.07,70.46,0.454,-63.70,0.0000,0.0,3.78,-62,9.50,
2026-09-17T10:41:29,1,21847.76,21.07,70.46,0.466,-62.74,0.0000,0.0,3.78,-60,9.50,
2026-09-17T10:41:31,1,21847.76,21.07,70.46,0.542,-56.61,0.0000,0.0,3.78,-61,9.50,
2026-09-17T10:41:34,1,21847.76,21.07,70.46,0.571,-54.29,0.0000,0.0,3.78,-60,11.75,
2026-09-17T10:41:37,1,21847.76,21.07,70.46,0.688,-44.94,0.0000,0.0,3.78,-60,9.25,
2026-09-17T10:41:40,1,21847.76,21.07,70.46,0.675,-46.04,0.0000,0.0,3.78,-56,9.50,
2026-09-17T10:41:42,1,21847.76,21.07,70.46,0.656,-47.52,0.0000,0.0,3.78,-58,9.50,
2026-09-17T10:41:45,1,21847.76,21.07,70.46,0.645,-48.42,0.0000,0.0,3.78,-59,9.25,
2026-09-17T10:41:48,1,21847.76,21.07,70.46,0.565,-54.81,0.0000,0.0,3.78,-58,9.50,
2026-09-17T10:41:50,1,21847.76,21.07,70.46,0.513,-58.93,0.0000,0.0,3.78,-57,9.50,
2026-09-17T10:41:53,1,21847.76,21.07,70.46,0.513,-59.00,0.0000,0.0,3.78,-58,9.25,
2026-09-17T10:41:56,1,21847.76,21.07,70.46,0.524,-58.10,0.0000,0.0,3.78,-58,9.25,
2026-09-17T10:41:58,1,21847.76,21.07,70.46,0.540,-56.81,0.0000,0.0,3.78,-57,9.50,
2026-09-17T10:42:01,1,21847.76,21.07,70.46,0.597,-52.23,0.0000,0.0,3.78,-57,9.50,
2026-09-17T10:42:04,1,21847.76,21.07,70.46,0.670,-46.43,0.0000,0.0,3.78,-55,9.75,
2026-09-17T10:42:07,1,21847.76,21.07,70.46,0.678,-45.78,0.0000,0.0,3.78,-56,9.75,
2026-09-17T10:42:09,1,21847.76,21.07,70.46,0.616,-50.75,0.0000,0.0,3.78,-48,9.25,
2026-09-17T10:42:12,1,21847.76,21.07,70.46,0.661,-47.14,0.0000,0.0,3.78,-51,9.50,
2026-09-17T10:42:15,1,21847.76,21.07,70.46,0.589,-52.87,0.0000,0.0,3.78,-50,9.25,
2026-09-17T10:42:17,1,21847.76,21.07,70.46,0.592,-52.68,0.0000,0.0,3.78,-57,9.75,
2026-09-17T10:42:20,1,21847.76,21.07,70.46,0.538,-57.00,0.0000,0.0,3.78,-47,9.50,
2026-09-17T10:42:23,1,21847.76,21.07,70.46,0.450,-63.96,0.0000,0.0,3.78,-46,9.50,
2026-09-17T10:42:25,1,21847.76,21.07,70.46,0.460,-63.19,0.0000,0.0,3.78,-46,9.75,
2026-09-17T10:42:28,1,21847.76,21.07,70.46,0.524,-58.10,0.0000,0.0,3.78,-46,9.75,
2026-09-17T10:42:31,1,21847.76,21.07,70.46,0.528,-57.77,0.0000,0.0,3.78,-46,9.25,
2026-09-17T10:42:34,1,21847.76,21.07,70.46,0.542,-56.68,0.0000,0.0,3.78,-45,9.75,
2026-09-17T10:42:36,1,21847.76,21.07,70.46,0.608,-51.39,0.0000,0.0,3.78,-45,9.50,
2026-09-17T10:42:39,1,21847.76,21.07,70.46,0.663,-46.94,0.0000,0.0,3.78,-46,9.75,
2026-09-17T10:42:42,1,21847.76,21.07,70.46,0.667,-46.62,0.0000,0.0,3.78,-46,9.75,
2026-09-17T10:42:44,1,21847.76,21.07,70.46,0.625,-49.97,0.0000,0.0,3.78,-45,9.50,
2026-09-17T10:42:47,1,21847.76,21.07,70.46,0.658,-47.39,0.0000,0.0,3.78,-45,9.75,
2026-09-17T10:42:50,1,21847.76,21.07,70.46,0.648,-48.17,0.0000,0.0,3.78,-46,9.50,
2026-09-17T10:42:52,1,21847.76,21.07,70.46,0.600,-52.04,0.0000,0.0,3.78,-45,9.75,
2026-09-17T10:42:55,1,21847.76,21.07,70.46,0.520,-58.42,0.0000,0.0,3.78,-45,9.75,
2026-09-17T10:42:58,1,21847.76,21.07,70.46,0.517,-58.61,0.0000,0.0,3.78,-46,9.50,
2026-09-17T10:43:01,1,21847.76,21.07,70.46,0.524,-58.10,0.0000,0.0,3.78,-45,9.75,
2026-09-17T10:43:03,1,21847.76,21.07,70.46,0.563,-54.94,0.0000,0.0,3.79,-46,9.75,
2026-09-17T10:43:06,1,21847.76,21.07,70.46,0.679,-45.72,0.0000,0.0,3.78,-48,9.25,
2026-09-17T10:43:09,1,21847.76,21.07,70.46,0.674,-46.10,0.0000,0.0,3.78,-49,10.25,
2026-09-17T10:43:11,1,21847.76,21.07,70.46,0.651,-47.91,0.0000,0.0,3.78,-48,9.50,
2026-09-17T10:43:14,1,21847.76,21.07,70.46,0.547,-56.23,0.0000,0.0,3.78,-47,9.50,
2026-09-17T10:43:17,1,21847.76,21.07,70.46,0.515,-58.80,0.0000,0.0,3.78,-49,9.75,
2026-09-17T10:43:20,1,21847.76,21.07,70.46,0.537,-57.06,0.0000,0.0,3.78,-49,9.75,
2026-09-17T10:43:22,1,21847.76,21.07,70.46,0.606,-51.52,0.0000,0.0,3.78,-48,9.75,
2026-09-17T10:43:25,1,21847.76,21.07,70.46,0.689,-44.88,0.0000,0.0,3.78,-46,10.00,
2026-09-17T10:43:28,1,21847.76,21.07,70.46,0.675,-46.04,0.0000,0.0,3.79,-47,9.50,
2026-09-17T10:43:30,1,21847.76,21.07,70.46,0.641,-48.75,0.0000,0.0,3.78,-48,9.50,
2026-09-17T10:43:33,1,21847.76,21.07,70.46,0.471,-62.29,0.0000,0.0,3.78,-45,9.75,
2026-09-17T10:43:36,1,21847.76,21.07,70.46,0.514,-58.87,0.0000,0.0,3.78,-45,9.75,
2026-09-17T10:43:38,1,21847.76,21.07,70.46,0.534,-57.26,0.0000,0.0,3.78,-45,9.75,
2026-09-17T10:43:41,1,21847.76,21.07,70.46,0.576,-53.90,0.0000,0.0,3.78,-45,9.50,
2026-09-17T10:43:44,1,21847.76,21.07,70.46,0.626,-49.91,0.0000,0.0,3.78,-45,9.75,
2026-09-17T10:43:47,1,21847.76,21.07,70.46,0.670,-46.43,0.0000,0.0,3.79,-46,9.50,
2026-09-17T10:43:49,1,21847.76,21.07,70.46,0.639,-48.88,0.0000,0.0,3.78,-46,10.00,
2026-09-17T10:43:52,1,21847.76,21.07,70.46,0.525,-58.03,0.0000,0.0,3.79,-45,9.50,
2026-09-17T10:43:55,1,21847.76,21.07,70.46,0.455,-63.58,0.0000,0.0,3.78,-39,9.25,
2026-09-17T10:43:57,1,21847.76,21.07,70.46,0.541,-56.74,0.0000,0.0,3.78,-39,8.75,
2026-09-17T10:44:00,1,21847.76,21.07,70.46,0.625,-50.04,0.0000,0.0,3.78,-40,4.00,
2026-09-17T10:44:03,1,21847.76,21.07,70.46,0.683,-45.39,0.0000,0.0,3.78,-40,4.75,
2026-09-17T10:44:05,1,21847.76,21.07,70.46,0.633,-49.39,0.0000,0.0,3.78,-43,7.25,
2026-09-17T10:44:08,1,21847.76,21.07,70.46,0.672,-46.23,0.0000,0.0,3.79,-39,2.25,
2026-09-17T10:44:11,1,21847.76,21.07,70.46,0.579,-53.71,0.0000,0.0,3.78,-45,9.25,
2026-09-17T10:44:30,1,21847.76,21.07,70.46,0.544,-56.48,0.0000,0.0,3.78,-44,9.75,
2026-09-17T10:44:32,1,21847.76,21.07,70.46,0.546,-56.35,0.0000,0.0,3.78,-44,9.25,
2026-09-17T10:44:35,1,21847.76,21.07,70.46,0.546,-56.29,0.0000,0.0,3.78,-46,10.00,
2026-09-17T10:44:38,1,21847.76,21.07,70.46,0.525,-57.97,0.0000,0.0,3.78,-45,9.50,
2026-09-17T10:44:41,1,21847.76,21.07,70.46,0.535,-57.19,0.0000,0.0,3.78,-44,9.75,
2026-09-17T10:44:43,1,21847.76,21.07,70.46,0.542,-56.61,0.0000,0.0,3.79,-45,9.25,
2026-09-17T10:44:46,1,21847.76,21.07,70.46,0.587,-53.00,0.0000,0.0,3.79,-45,9.50,
2026-09-17T10:44:49,1,21847.76,21.07,70.46,0.674,-46.10,0.0000,0.0,3.78,-45,9.75,
2026-09-17T10:44:51,1,21847.76,21.07,70.46,0.671,-46.30,0.0000,0.0,3.78,-45,9.25,
2026-09-17T10:44:54,1,21847.76,21.07,70.46,0.659,-47.26,0.0000,0.0,3.78,-44,9.25,
2026-09-17T10:44:57,1,21847.76,21.07,70.46,0.594,-52.49,0.0000,0.0,3.79,-44,9.50,
2026-09-17T10:44:59,1,21847.76,21.07,70.46,0.517,-58.61,0.0000,0.0,3.78,-45,9.50,
2026-09-17T10:45:02,1,21847.76,21.07,70.46,0.525,-57.97,0.0000,0.0,3.78,-45,10.00,
2026-09-17T10:45:05,1,21847.76,21.07,70.46,0.529,-57.64,0.0000,0.0,3.79,-44,9.50,
2026-09-17T10:45:08,1,21847.76,21.07,70.46,0.564,-54.87,0.0000,0.0,3.79,-45,9.50,
2026-09-17T10:45:10,1,21847.76,21.07,70.46,0.659,-47.26,0.0000,0.0,3.79,-45,9.75,
2026-09-17T10:45:13,1,21847.76,21.07,70.46,0.683,-45.33,0.0000,0.0,3.78,-46,9.75,
2026-09-17T10:45:16,1,21847.76,21.07,70.46,0.664,-46.88,0.0000,0.0,3.78,-45,9.00,
2026-09-17T10:45:18,1,21847.76,21.07,70.46,0.658,-47.39,0.0000,0.0,3.79,-45,9.25,
2026-09-17T10:45:21,1,21847.76,21.07,70.46,0.612,-51.00,0.0000,0.0,3.78,-45,9.50,
2026-09-17T10:45:24,1,21847.76,21.07,70.46,0.533,-57.32,0.0000,0.0,3.79,-45,9.50,
2026-09-17T10:45:26,1,21847.76,21.07,70.46,0.514,-58.87,0.0000,0.0,3.79,-45,9.50,
2026-09-17T10:45:29,1,21847.76,21.07,70.46,0.524,-58.10,0.0000,0.0,3.79,-45,9.50,
2026-09-17T10:45:32,1,21847.76,21.07,70.46,0.531,-57.52,0.0000,0.0,3.78,-45,9.50,
2026-09-17T10:45:35,1,21847.76,21.07,70.46,0.542,-56.68,0.0000,0.0,3.78,-45,9.50,
2026-09-17T10:45:37,1,21847.76,21.07,70.46,0.567,-54.61,0.0000,0.0,3.79,-45,9.75,
2026-09-17T10:45:40,1,21847.76,21.07,70.46,0.670,-46.43,0.0000,0.0,3.79,-45,9.50,
2026-09-17T10:45:43,1,21847.76,21.07,70.46,0.625,-50.04,0.0000,0.0,3.79,-45,9.75,
2026-09-17T10:45:45,1,21847.76,21.07,70.46,0.677,-45.85,0.0000,0.0,3.78,-43,9.50,
2026-09-17T10:45:48,1,21847.76,21.07,70.46,0.666,-46.68,0.0000,0.0,3.79,-45,9.25,
2026-09-17T10:45:51,1,21847.76,21.07,70.46,0.659,-47.26,0.0000,0.0,3.79,-45,9.50,
2026-09-17T10:45:54,1,21847.76,21.07,70.46,0.644,-48.49,0.0000,0.0,3.78,-45,9.75,
2026-09-17T10:45:56,1,21847.76,21.07,70.46,0.585,-53.20,0.0000,0.0,3.78,-45,9.75,
2026-09-17T10:45:59,1,21847.76,21.07,70.46,0.546,-56.35,0.0000,0.0,3.78,-45,9.75,
2026-09-17T10:46:02,1,21847.76,21.07,70.46,0.513,-59.00,0.0000,0.0,3.78,-45,10.00,
2026-09-17T10:46:04,1,21847.76,21.07,70.46,0.493,-60.55,0.0000,0.0,3.79,-45,9.25,
2026-09-17T10:46:07,1,21847.76,21.07,70.46,0.469,-62.48,0.0000,0.0,3.78,-47,10.00,
2026-09-17T10:46:10,1,21847.76,21.07,70.46,0.513,-58.93,0.0000,0.0,3.78,-53,9.00,
2026-09-17T10:46:12,1,21847.76,21.07,70.46,0.515,-58.80,0.0000,0.0,3.79,-45,9.75,
2026-09-17T10:46:15,1,21847.76,21.07,70.46,0.504,-59.64,0.0000,0.0,3.78,-49,9.50,
2026-09-17T10:46:18,1,21847.76,21.07,70.46,0.514,-58.87,0.0000,0.0,3.79,-49,9.25,
2026-09-17T10:46:21,1,21847.76,21.07,70.46,0.456,-63.51,0.0000,0.0,3.78,-46,9.75,
2026-09-17T10:46:23,1,21847.76,21.07,70.46,0.516,-58.74,0.0000,0.0,3.79,-46,10.00,
2026-09-17T10:46:26,1,21847.76,21.07,70.46,0.527,-57.84,0.0000,0.0,3.78,-44,10.00,
2026-09-17T10:46:29,1,21847.76,21.07,70.46,0.517,-58.68,0.0000,0.0,3.78,-46,9.50,
2026-09-17T10:46:31,1,21847.76,21.07,70.46,0.530,-57.58,0.0000,0.0,3.79,-46,10.00,
2026-09-17T10:46:34,1,21847.76,21.07,70.46,0.482,-61.45,0.0000,0.0,3.78,-46,10.00,
2026-09-17T10:46:37,1,21847.76,21.07,70.46,0.535,-57.19,0.0000,0.0,3.79,-46,9.25,
2026-09-17T10:46:39,1,21847.76,21.07,70.46,0.540,-56.81,0.0000,0.0,3.79,-46,10.00,
2026-09-17T10:46:42,1,21847.76,21.07,70.46,0.563,-54.94,0.0000,0.0,3.79,-46,9.75,
2026-09-17T10:46:45,1,21847.76,21.07,70.46,0.592,-52.62,0.0000,0.0,3.79,-45,9.50,
2026-09-17T10:46:48,1,21847.76,21.07,70.46,0.623,-50.17,0.0000,0.0,3.79,-45,9.50,
2026-09-17T10:46:50,1,21847.76,21.07,70.46,0.659,-47.26,0.0000,0.0,3.78,-44,9.75,
2026-09-17T10:46:53,1,21847.76,21.07,70.46,0.675,-46.04,0.0000,0.0,3.79,-46,9.75,
2026-09-17T10:46:56,1,21847.76,21.07,70.46,0.629,-49.71,0.0000,0.0,3.79,-45,9.75,
2026-09-17T10:46:58,1,21847.76,21.07,70.46,0.621,-50.36,0.0000,0.0,3.79,-47,9.50,
2026-09-17T10:47:01,1,21847.76,21.07,70.46,0.654,-47.65,0.0000,0.0,3.79,-46,10.00,
2026-09-17T10:47:04,1,21847.76,21.07,70.46,0.670,-46.43,0.0000,0.0,3.78,-45,10.00,
2026-09-17T10:47:06,1,21847.76,21.07,70.46,0.658,-47.33,0.0000,0.0,3.79,-45,9.50,
2026-09-17T10:47:09,1,21847.76,21.07,70.46,0.600,-51.97,0.0000,0.0,3.79,-46,9.75,
2026-09-17T10:47:12,1,21847.76,21.07,70.46,0.646,-48.30,0.0000,0.0,3.79,-46,9.75,
2026-09-17T10:47:15,1,21847.76,21.07,70.46,0.600,-51.97,0.0000,0.0,3.79,-46,9.25,
2026-09-17T10:47:17,1,21847.76,21.07,70.46,0.554,-55.71,0.0000,0.0,3.78,-45,9.75,
2026-09-17T10:47:20,1,21847.76,21.07,70.46,0.527,-57.84,0.0000,0.0,3.78,-46,9.25,
2026-09-17T10:47:23,1,21847.76,21.07,70.46,0.513,-59.00,0.0000,0.0,3.79,-45,9.50,
2026-09-17T10:47:25,1,21847.76,21.07,70.46,0.510,-59.19,0.0000,0.0,3.78,-45,9.75,
2026-09-17T10:47:28,1,21847.76,21.07,70.46,0.506,-59.51,0.0000,0.0,3.78,-45,9.75,
2026-09-17T10:47:31,1,21847.76,21.07,70.46,0.517,-58.68,0.0000,0.0,3.79,-45,9.50,
2026-09-17T10:47:33,1,21847.76,21.07,70.46,0.525,-58.03,0.0000,0.0,3.79,-45,9.25,
2026-09-17T10:47:36,1,21847.76,21.07,70.46,0.522,-58.22,0.0000,0.0,3.79,-45,9.50,
2026-09-17T10:47:39,1,21847.76,21.07,70.46,0.524,-58.10,0.0000,0.0,3.78,-45,9.50,
2026-09-17T10:47:42,1,21847.76,21.07,70.46,0.524,-58.10,0.0000,0.0,3.78,-45,9.50,
2026-09-17T10:47:44,1,21847.76,21.07,70.46,0.534,-57.26,0.0000,0.0,3.79,-46,9.75,
2026-09-17T10:47:47,1,21847.76,21.07,70.46,0.531,-57.52,0.0000,0.0,3.79,-46,10.00,
2026-09-17T10:47:50,1,21847.76,21.07,70.46,0.534,-57.26,0.0000,0.0,3.79,-46,9.50,
2026-09-17T10:47:52,1,21847.76,21.07,70.46,0.543,-56.55,0.0000,0.0,3.79,-46,9.50,
2026-09-17T10:47:55,1,21847.76,21.07,70.46,0.531,-57.52,0.0000,0.0,3.79,-46,9.75,
2026-09-17T10:47:58,1,21847.76,21.07,70.46,0.613,-50.94,0.0000,0.0,3.79,-47,10.50,
2026-09-17T10:48:00,1,21847.76,21.07,70.46,0.605,-51.58,0.0000,0.0,3.79,-46,9.50,
2026-09-17T10:48:03,1,21847.76,21.07,70.46,0.668,-46.56,0.0000,0.0,3.79,-46,9.50,
2026-09-17T10:48:06,1,21847.76,21.07,70.46,0.672,-46.23,0.0000,0.0,3.79,-46,9.25,
2026-09-17T10:48:09,1,21847.76,21.07,70.46,0.677,-45.85,0.0000,0.0,3.78,-46,9.50,
2026-09-17T10:48:11,1,21847.76,21.07,70.46,0.673,-46.17,0.0000,0.0,3.79,-45,10.00,
2026-09-17T10:48:14,1,21847.76,21.07,70.46,0.659,-47.26,0.0000,0.0,3.78,-45,9.75,
2026-09-17T10:48:17,1,21847.76,21.07,70.46,0.662,-47.01,0.0000,0.0,3.79,-45,9.50,
2026-09-17T10:48:19,1,21847.76,21.07,70.46,0.655,-47.59,0.0000,0.0,3.79,-46,10.00,
2026-09-17T10:48:22,1,21847.76,21.07,70.46,0.639,-48.88,0.0000,0.0,3.78,-46,10.00,
2026-09-17T10:48:25,1,21847.76,21.07,70.46,0.619,-50.49,0.0000,0.0,3.79,-48,9.75,
2026-09-17T10:48:28,1,21847.76,21.07,70.46,0.567,-54.68,0.0000,0.0,3.78,-46,9.75,
2026-09-17T10:48:30,1,21847.76,21.07,70.46,0.529,-57.71,0.0000,0.0,3.78,-46,9.50,
2026-09-17T10:48:33,1,21847.76,21.07,70.46,0.513,-59.00,0.0000,0.0,3.79,-46,9.50,
2026-09-17T10:48:36,1,21847.76,21.07,70.46,0.512,-59.06,0.0000,0.0,3.79,-46,9.75,
2026-09-17T10:48:38,1,21847.76,21.07,70.46,0.529,-57.71,0.0000,0.0,3.79,-46,12.25,
2026-09-17T10:48:41,1,21847.76,21.07,70.46,0.533,-57.39,0.0000,0.0,3.79,-46,9.75,
2026-09-17T10:48:44,1,21847.76,21.07,70.46,0.552,-55.84,0.0000,0.0,3.79,-46,10.00,
2026-09-17T10:48:46,1,21847.76,21.07,70.46,0.616,-50.75,0.0000,0.0,3.79,-47,9.25,
2026-09-17T10:48:49,1,21847.76,21.07,70.46,0.666,-46.75,0.0000,0.0,3.79,-46,9.75,
2026-09-17T10:48:52,1,21847.76,21.07,70.46,0.680,-45.59,0.0000,0.0,3.79,-46,9.25,
2026-09-17T10:48:55,1,21847.76,21.07,70.46,0.621,-50.36,0.0000,0.0,3.78,-46,9.75,
2026-09-17T10:48:57,1,21847.76,21.07,70.46,0.661,-47.14,0.0000,0.0,3.79,-46,9.25,
2026-09-17T10:49:00,1,21847.76,21.07,70.46,0.651,-47.91,0.0000,0.0,3.79,-45,9.75,
2026-09-17T10:49:03,1,21847.76,21.07,70.46,0.581,-53.52,0.0000,0.0,3.79,-45,9.50,
2026-09-17T10:49:05,1,21847.76,21.07,70.46,0.524,-58.10,0.0000,0.0,3.79,-45,9.50,
2026-09-17T10:49:08,1,21847.76,21.07,70.46,0.452,-63.83,0.0000,0.0,3.80,-47,10.00,
2026-09-17T10:49:11,1,21847.76,21.07,70.46,0.521,-58.29,0.0000,0.0,3.78,-45,9.50,
2026-09-17T10:49:13,1,21847.76,21.07,70.46,0.519,-58.48,0.0000,0.0,3.79,-45,9.75,
2026-09-17T10:49:16,1,21847.76,21.07,70.46,0.540,-56.81,0.0000,0.0,3.79,-45,9.75,
2026-09-17T10:49:19,1,21847.76,21.07,70.46,0.544,-56.48,0.0000,0.0,3.79,-46,9.75,
2026-09-17T10:49:22,1,21847.76,21.07,70.46,0.590,-52.81,0.0000,0.0,3.79,-46,10.00,
2026-09-17T10:49:24,1,21847.76,21.07,70.46,0.645,-48.36,0.0000,0.0,3.79,-46,10.00,
2026-09-17T10:49:27,1,21847.76,21.07,70.46,0.672,-46.23,0.0000,0.0,3.79,-46,9.75,
2026-09-17T10:49:30,1,21847.76,21.07,70.46,0.680,-45.59,0.0000,0.0,3.79,-46,9.75,
2026-09-17T10:49:32,1,21847.76,21.07,70.46,0.669,-46.49,0.0000,0.0,3.79,-46,9.50,
2026-09-17T10:49:35,1,21847.76,21.07,70.46,0.659,-47.26,0.0000,0.0,3.79,-46,9.75,
2026-09-17T10:49:38,1,21847.76,21.07,70.46,0.647,-48.23,0.0000,0.0,3.79,-46,9.75,
2026-09-17T10:49:40,1,21847.76,21.07,70.46,0.558,-55.39,0.0000,0.0,3.79,-47,10.25,
2026-09-17T10:49:43,1,21847.76,21.07,70.46,0.516,-58.74,0.0000,0.0,3.79,-44,9.50,
2026-09-17T10:49:46,1,21847.76,21.07,70.46,0.520,-58.42,0.0000,0.0,3.79,-46,9.50,
2026-09-17T10:49:49,1,21847.76,21.07,70.46,0.529,-57.71,0.0000,0.0,3.78,-46,9.75,
2026-09-17T10:49:51,1,21847.76,21.07,70.46,0.492,-60.61,0.0000,0.0,3.79,-46,9.75,
2026-09-17T10:49:54,1,21847.76,21.07,70.46,0.658,-47.39,0.0000,0.0,3.79,-46,9.50,
2026-09-17T10:49:57,1,21847.76,21.07,70.46,0.682,-45.46,0.0000,0.0,3.79,-45,10.00,
2026-09-17T10:49:59,1,21847.76,21.07,70.46,0.669,-46.49,0.0000,0.0,3.79,-45,9.75,
2026-09-17T10:50:02,1,21847.76,21.07,70.46,0.642,-48.62,0.0000,0.0,3.79,-45,9.75,
2026-09-17T10:50:05,1,21847.76,21.07,70.46,0.572,-54.23,0.0000,0.0,3.79,-45,9.50,
2026-09-17T10:50:07,1,21847.76,21.07,70.46,0.519,-58.48,0.0000,0.0,3.79,-44,9.50,
2026-09-17T10:50:10,1,21847.76,21.07,70.46,0.507,-59.45,0.0000,0.0,3.79,-46,9.75,
2026-09-17T10:50:13,1,21847.76,21.07,70.46,0.529,-57.64,0.0000,0.0,3.79,-46,10.25,
2026-09-17T10:50:16,1,21847.76,21.07,70.46,0.550,-55.97,0.0000,0.0,3.79,-48,8.75,
2026-09-17T10:50:18,1,21847.76,21.07,70.46,0.621,-50.36,0.0000,0.0,3.79,-46,10.00,
2026-09-17T10:50:21,1,21847.76,21.07,70.46,0.683,-45.33,0.0000,0.0,3.79,-46,9.50,
2026-09-17T10:50:24,1,21847.76,21.07,70.46,0.667,-46.62,0.0000,0.0,3.78,-44,9.50,
2026-09-17T10:50:26,1,21847.76,21.07,70.46,0.661,-47.14,0.0000,0.0,3.79,-44,9.50,
2026-09-17T10:50:29,1,21847.76,21.07,70.46,0.631,-49.52,0.0000,0.0,3.79,-45,9.50,
2026-09-17T10:50:32,1,21847.76,21.07,70.46,0.541,-56.74,0.0000,0.0,3.79,-48,9.25,
2026-09-17T10:50:34,1,21847.76,21.07,70.46,0.504,-59.64,0.0000,0.0,3.79,-46,9.75,
2026-09-17T10:50:37,1,21847.76,21.07,70.46,0.516,-58.74,0.0000,0.0,3.79,-47,9.50,
2026-09-17T10:50:40,1,21847.76,21.07,70.46,0.522,-58.22,0.0000,0.0,3.79,-48,9.75,
2026-09-17T10:50:43,1,21847.76,21.07,70.46,0.529,-57.71,0.0000,0.0,3.78,-48,9.50,
2026-09-17T10:50:45,1,21847.76,21.07,70.46,0.540,-56.81,0.0000,0.0,3.79,-49,9.25,
2026-09-17T10:50:48,1,21847.76,21.07,70.46,0.567,-54.68,0.0000,0.0,3.79,-48,9.50,
2026-09-17T10:50:51,1,21847.76,21.07,70.46,0.557,-55.45,0.0000,0.0,3.79,-49,9.25,
2026-09-17T10:50:53,1,21847.76,21.07,70.46,0.658,-47.39,0.0000,0.0,3.79,-49,10.00,
2026-09-17T10:50:56,1,21847.76,21.07,70.46,0.673,-46.17,0.0000,0.0,3.79,-49,9.75,
2026-09-17T10:50:59,1,21847.76,21.07,70.46,0.678,-45.78,0.0000,0.0,3.79,-48,9.25,
2026-09-17T10:51:02,1,21847.76,21.07,70.46,0.674,-46.10,0.0000,0.0,3.79,-48,9.00,
2026-09-17T10:51:04,1,21847.76,21.07,70.46,0.674,-46.10,0.0000,0.0,3.79,-48,9.50,
2026-09-17T10:51:07,1,21847.76,21.07,70.46,0.675,-46.04,0.0000,0.0,3.79,-49,9.25,
2026-09-17T10:51:10,1,21847.76,21.07,70.46,0.612,-51.07,0.0000,0.0,3.79,-48,9.00,
2026-09-17T10:51:12,1,21847.76,21.07,70.46,0.662,-47.07,0.0000,0.0,3.79,-47,9.25,
2026-09-17T10:51:15,1,21847.76,21.07,70.46,0.670,-46.36,0.0000,0.0,3.79,-48,9.25,
2026-09-17T10:51:18,1,21847.76,21.07,70.46,0.658,-47.39,0.0000,0.0,3.79,-47,9.25,
2026-09-17T10:51:20,1,21847.76,21.07,70.46,0.652,-47.84,0.0000,0.0,3.79,-48,9.25,
2026-09-17T10:51:23,1,21847.76,21.07,70.46,0.650,-48.04,0.0000,0.0,3.79,-47,12.00,
2026-09-17T10:51:26,1,21847.76,21.07,70.46,0.654,-47.65,0.0000,0.0,3.79,-46,9.75,
2026-09-17T10:51:29,1,21847.76,21.07,70.46,0.650,-48.04,0.0000,0.0,3.79,-46,9.50,
2026-09-17T10:51:31,1,21847.76,21.07,70.46,0.648,-48.17,0.0000,0.0,3.79,-46,10.00,
2026-09-17T10:51:34,1,21847.76,21.07,70.46,0.645,-48.36,0.0000,0.0,3.79,-46,9.50,
2026-09-17T10:51:37,1,21847.76,21.07,70.46,0.645,-48.36,0.0000,0.0,3.79,-46,10.00,
2026-09-17T10:51:39,1,21847.76,21.07,70.46,0.648,-48.17,0.0000,0.0,3.79,-45,9.50,
2026-09-17T10:51:42,1,21847.76,21.07,70.46,0.647,-48.23,0.0000,0.0,3.79,-45,9.50,
2026-09-17T10:51:45,1,21847.76,21.07,70.46,0.641,-48.68,0.0000,0.0,3.79,-44,9.75,
2026-09-17T10:51:47,1,21847.76,21.07,70.46,0.649,-48.10,0.0000,0.0,3.79,-45,9.75,
2026-09-17T10:51:50,1,21847.76,21.07,70.46,0.644,-48.49,0.0000,0.0,3.79,-45,9.50,
2026-09-17T10:51:53,1,21847.76,21.07,70.46,0.645,-48.42,0.0000,0.0,3.79,-46,9.50,
2026-09-17T10:51:56,1,21847.76,21.07,70.46,0.644,-48.49,0.0000,0.0,3.79,-46,10.00,
2026-09-17T10:51:58,1,21847.76,21.07,70.46,0.645,-48.42,0.0000,0.0,3.78,-46,9.75,
2026-09-17T10:52:01,1,21847.76,21.07,70.46,0.615,-50.81,0.0000,0.0,3.79,-46,9.75,
2026-09-17T10:52:04,1,21847.76,21.07,70.46,0.595,-52.42,0.0000,0.0,3.79,-46,9.75,
2026-09-17T10:52:06,1,21847.76,21.07,70.46,0.565,-54.81,0.0000,0.0,3.79,-41,9.25,
2026-09-17T10:52:09,1,21847.76,21.07,70.46,0.545,-56.42,0.0000,0.0,3.79,-41,9.00,
2026-09-17T10:52:12,1,21847.76,21.07,70.46,0.535,-57.19,0.0000,0.0,3.79,-40,8.75,
2026-09-17T10:52:14,1,21847.76,21.07,70.46,0.530,-57.58,0.0000,0.0,3.79,-42,9.50,
2026-09-17T10:52:17,1,21847.76,21.07,70.46,0.470,-62.41,0.0000,0.0,3.79,-42,10.00,
2026-09-17T10:52:20,1,21847.76,21.07,70.46,0.524,-58.10,0.0000,0.0,3.79,-41,8.00,
2026-09-17T10:52:44,1,21847.76,21.07,70.46,0.575,-53.97,0.0000,0.0,3.79,-45,9.75,
2026-09-17T10:52:47,1,21847.76,21.07,70.46,0.629,-49.65,0.0000,0.0,3.79,-45,10.00,
2026-09-17T10:52:50,1,21847.76,21.07,70.46,0.644,-48.49,0.0000,0.0,3.78,-45,9.50,
2026-09-17T10:52:52,1,21847.76,21.07,70.46,0.542,-56.68,0.0000,0.0,3.79,-45,9.25,
2026-09-17T10:52:55,1,21847.76,21.07,70.46,0.520,-58.42,0.0000,0.0,3.80,-45,10.00,
2026-09-17T10:52:58,1,21847.76,21.07,70.46,0.529,-57.64,0.0000,0.0,3.79,-45,9.50,
2026-09-17T10:53:00,1,21847.76,21.07,70.46,0.546,-56.35,0.0000,0.0,3.79,-45,9.50,
2026-09-17T10:53:03,1,21847.76,21.07,70.46,0.583,-53.39,0.0000,0.0,3.79,-46,9.75,
2026-09-17T10:53:06,1,21847.76,21.07,70.46,0.655,-47.59,0.0000,0.0,3.79,-46,10.00,
2026-09-17T10:53:08,1,21847.76,21.07,70.46,0.630,-49.59,0.0000,0.0,3.79,-46,9.50,
2026-09-17T10:53:11,1,21847.76,21.07,70.46,0.679,-45.65,0.0000,0.0,3.80,-45,10.25,
2026-09-17T10:53:14,1,21847.76,21.07,70.46,0.657,-47.46,0.0000,0.0,3.79,-47,9.50,
2026-09-17T10:53:17,1,21847.76,21.07,70.46,0.616,-50.75,0.0000,0.0,3.79,-48,9.25,
2026-09-17T10:53:19,1,21847.76,21.07,70.46,0.480,-61.58,0.0000,0.0,3.79,-45,9.25,
2026-09-17T10:53:22,1,21847.76,21.07,70.46,0.509,-59.26,0.0000,0.0,3.79,-45,9.75,
2026-09-17T10:53:25,1,21847.76,21.07,70.46,0.513,-58.93,0.0000,0.0,3.79,-46,9.25,
2026-09-17T10:53:27,1,21847.76,21.07,70.46,0.524,-58.10,0.0000,0.0,3.79,-45,9.50,
2026-09-17T10:53:30,1,21847.76,21.07,70.46,0.540,-56.81,0.0000,0.0,3.79,-46,9.75,
2026-09-17T10:53:33,1,21847.76,21.07,70.46,0.530,-57.58,0.0000,0.0,3.79,-46,9.50,
2026-09-17T10:53:36,1,21847.76,21.07,70.46,0.647,-48.23,0.0000,0.0,3.79,-46,11.75,
2026-09-17T10:53:38,1,21847.76,21.07,70.46,0.681,-45.52,0.0000,0.0,3.80,-45,10.25,
2026-09-17T10:53:41,1,21847.76,21.07,70.46,0.622,-50.23,0.0000,0.0,3.79,-46,9.75,
2026-09-17T10:53:44,1,21847.76,21.07,70.46,0.671,-46.30,0.0000,0.0,3.79,-45,9.75,
2026-09-17T10:53:46,1,21847.76,21.07,70.46,0.655,-47.59,0.0000,0.0,3.79,-46,9.50,
2026-09-17T10:53:49,1,21847.76,21.07,70.46,0.649,-48.10,0.0000,0.0,3.79,-46,10.00,
2026-09-17T10:53:52,1,21847.76,21.07,70.46,0.583,-53.39,0.0000,0.0,3.79,-47,9.25,
2026-09-17T10:53:54,1,21847.76,21.07,70.46,0.529,-57.64,0.0000,0.0,3.79,-47,9.25,
2026-09-17T10:53:57,1,21847.76,21.07,70.46,0.510,-59.19,0.0000,0.0,3.79,-48,9.50,
2026-09-17T10:54:00,1,21847.76,21.07,70.46,0.511,-59.13,0.0000,0.0,3.79,-48,9.50,
2026-09-17T10:54:03,1,21847.76,21.07,70.46,0.520,-58.42,0.0000,0.0,3.79,-48,9.25,
2026-09-17T10:54:05,1,21847.76,21.07,70.46,0.521,-58.35,0.0000,0.0,3.79,-48,9.25,
2026-09-17T10:54:08,1,21847.76,21.07,70.46,0.529,-57.64,0.0000,0.0,3.79,-48,10.75,
2026-09-17T10:54:11,1,21847.76,21.07,70.46,0.542,-56.61,0.0000,0.0,3.79,-46,9.75,
2026-09-17T10:54:13,1,21847.76,21.07,70.46,0.542,-56.61,0.0000,0.0,3.79,-61,9.50,
2026-09-17T10:54:16,1,21847.76,21.07,70.46,0.529,-57.64,0.0000,0.0,3.79,-46,9.50,
2026-09-17T10:54:19,1,21847.76,21.07,70.46,0.645,-48.42,0.0000,0.0,3.79,-46,9.75,
2026-09-17T10:54:21,1,21847.76,21.07,70.46,0.673,-46.17,0.0000,0.0,3.79,-47,9.50,
2026-09-17T10:54:24,1,21847.76,21.07,70.46,0.683,-45.33,0.0000,0.0,3.79,-47,9.50,
2026-09-17T10:54:27,1,21847.76,21.07,70.46,0.675,-45.98,0.0000,0.0,3.79,-47,9.50,
2026-09-17T10:54:30,1,21847.76,21.07,70.46,0.670,-46.43,0.0000,0.0,3.79,-45,9.50,
2026-09-17T10:54:32,1,21847.76,21.07,70.46,0.600,-52.04,0.0000,0.0,3.79,-47,9.75,
2026-09-17T10:54:35,1,21847.76,21.07,70.46,0.590,-52.81,0.0000,0.0,3.79,-54,9.50,
2026-09-17T10:54:38,1,21847.76,21.07,70.46,0.591,-52.74,0.0000,0.0,3.79,-48,9.25,
2026-09-17T10:54:40,1,21847.76,21.07,70.46,0.520,-58.42,0.0000,0.0,3.79,-48,9.50,
2026-09-17T10:54:43,1,21847.76,21.07,70.46,0.510,-59.19,0.0000,0.0,3.80,-48,9.75,
2026-09-17T10:54:46,1,21847.76,21.07,70.46,0.515,-58.80,0.0000,0.0,3.80,-47,9.75,
2026-09-17T10:54:48,1,21847.76,21.07,70.46,0.478,-61.77,0.0000,0.0,3.79,-47,9.25,
2026-09-17T10:54:51,1,21847.76,21.07,70.46,0.546,-56.35,0.0000,0.0,3.79,-47,9.25,
2026-09-17T10:54:54,1,21847.76,21.07,70.46,0.630,-49.59,0.0000,0.0,3.79,-48,9.50,
2026-09-17T10:54:57,1,21847.76,21.07,70.46,0.683,-45.39,0.0000,0.0,3.79,-46,9.50,
2026-09-17T10:54:59,1,21847.76,21.07,70.46,0.679,-45.72,0.0000,0.0,3.80,-48,9.75,
2026-09-17T10:55:02,1,21847.76,21.07,70.46,0.616,-50.68,0.0000,0.0,3.79,-48,9.75,
2026-09-17T10:55:05,1,21847.76,21.07,70.46,0.659,-47.26,0.0000,0.0,3.79,-49,9.75,
2026-09-17T10:55:07,1,21847.76,21.07,70.46,0.640,-48.81,0.0000,0.0,3.80,-47,9.50,
2026-09-17T10:55:10,1,21847.76,21.07,70.46,0.583,-53.32,0.0000,0.0,3.80,-45,9.75,
2026-09-17T10:55:13,1,21847.76,21.07,70.46,0.531,-57.52,0.0000,0.0,3.79,-50,9.50,
2026-09-17T10:55:15,1,21847.76,21.07,70.46,0.517,-58.61,0.0000,0.0,3.79,-49,9.25,
2026-09-17T10:55:18,1,21847.76,21.07,70.46,0.455,-63.64,0.0000,0.0,3.79,-49,9.25,
2026-09-17T10:55:21,1,21847.76,21.07,70.46,0.515,-58.80,0.0000,0.0,3.79,-50,9.50,
2026-09-17T10:55:24,1,21847.76,21.07,70.46,0.526,-57.90,0.0000,0.0,3.80,-49,10.00,
2026-09-17T10:55:26,1,21847.76,21.07,70.46,0.542,-56.68,0.0000,0.0,3.80,-47,9.50,
2026-09-17T10:55:29,1,21847.76,21.07,70.46,0.488,-60.93,0.0000,0.0,3.79,-46,9.75,
2026-09-17T10:55:32,1,21847.76,21.07,70.46,0.608,-51.33,0.0000,0.0,3.80,-48,10.00,
2026-09-17T10:55:34,1,21847.76,21.07,70.46,0.664,-46.88,0.0000,0.0,3.79,-49,9.75,
2026-09-17T10:55:37,1,21847.76,21.07,70.46,0.629,-49.71,0.0000,0.0,3.80,-46,9.75,
2026-09-17T10:55:40,1,21847.76,21.07,70.46,0.677,-45.85,0.0000,0.0,3.79,-49,12.50,
2026-09-17T10:55:42,1,21847.76,21.07,70.46,0.679,-45.72,0.0000,0.0,3.80,-48,10.00,
2026-09-17T10:55:45,1,21847.76,21.07,70.46,0.671,-46.30,0.0000,0.0,3.80,-46,10.00,
2026-09-17T10:55:48,1,21847.76,21.07,70.46,0.675,-46.04,0.0000,0.0,3.80,-47,9.75,
2026-09-17T10:55:51,1,21847.76,21.07,70.46,0.668,-46.56,0.0000,0.0,3.80,-47,9.50,
2026-09-17T10:55:53,1,21847.76,21.07,70.46,0.651,-47.91,0.0000,0.0,3.79,-47,10.00,
2026-09-17T10:55:56,1,21847.76,21.07,70.46,0.647,-48.23,0.0000,0.0,3.80,-48,9.50,
2026-09-17T10:55:59,1,21847.76,21.07,70.46,0.556,-55.52,0.0000,0.0,3.80,-47,9.75,
2026-09-17T10:56:01,1,21847.76,21.07,70.46,0.569,-54.48,0.0000,0.0,3.79,-47,9.75,
2026-09-17T10:56:04,1,21847.76,21.07,70.46,0.541,-56.74,0.0000,0.0,3.80,-45,9.75,
2026-09-17T10:56:07,1,21847.76,21.07,70.46,0.513,-58.93,0.0000,0.0,3.80,-47,9.50,
2026-09-17T10:56:09,1,21847.76,21.07,70.46,0.515,-58.80,0.0000,0.0,3.80,-47,10.25,
2026-09-17T10:56:12,1,21847.76,21.07,70.46,0.511,-59.13,0.0000,0.0,3.80,-47,9.75,
2026-09-17T10:56:15,1,21847.76,21.07,70.46,0.515,-58.80,0.0000,0.0,3.80,-47,10.00,
2026-09-17T10:56:18,1,21847.76,21.07,70.46,0.521,-58.35,0.0000,0.0,3.79,-48,9.00,
2026-09-17T10:56:20,1,21847.76,21.07,70.46,0.526,-57.90,0.0000,0.0,3.80,-49,9.50,
2026-09-17T10:56:23,1,21847.76,21.07,70.46,0.537,-57.06,0.0000,0.0,3.79,-48,9.25,
2026-09-17T10:56:26,1,21847.76,21.07,70.46,0.578,-53.78,0.0000,0.0,3.80,-48,9.75,
2026-09-17T10:56:28,1,21847.76,21.07,70.46,0.644,-48.49,0.0000,0.0,3.79,-48,9.25,
2026-09-17T10:56:31,1,21847.76,21.07,70.46,0.676,-45.91,0.0000,0.0,3.80,-48,9.25,
2026-09-17T10:56:34,1,21847.76,21.07,70.46,0.680,-45.59,0.0000,0.0,3.80,-45,10.00,
2026-09-17T10:56:37,1,21847.76,21.07,70.46,0.671,-46.30,0.0000,0.0,3.80,-47,10.00,
2026-09-17T10:56:39,1,21847.76,21.07,70.46,0.659,-47.26,0.0000,0.0,3.80,-44,9.75,
2026-09-17T10:56:42,1,21847.76,21.07,70.46,0.650,-47.97,0.0000,0.0,3.79,-46,10.00,
2026-09-17T10:56:45,1,21847.76,21.07,70.46,0.567,-54.68,0.0000,0.0,3.79,-45,9.25,
2026-09-17T10:56:47,1,21847.76,21.07,70.46,0.513,-58.93,0.0000,0.0,3.80,-47,10.00,
2026-09-17T10:56:50,1,21847.76,21.07,70.46,0.515,-58.80,0.0000,0.0,3.80,-48,9.50,
2026-09-17T10:56:53,1,21847.76,21.07,70.46,0.525,-57.97,0.0000,0.0,3.80,-44,10.25,
2026-09-17T10:56:55,1,21847.76,21.07,70.46,0.550,-55.97,0.0000,0.0,3.79,-47,9.50,
2026-09-17T10:56:58,1,21847.76,21.07,70.46,0.658,-47.33,0.0000,0.0,3.80,-47,9.75,
2026-09-17T10:57:01,1,21847.76,21.07,70.46,0.675,-45.98,0.0000,0.0,3.80,-44,10.25,
2026-09-17T10:57:04,1,21847.76,21.07,70.46,0.614,-50.87,0.0000,0.0,3.79,-47,9.25,
2026-09-17T10:57:06,1,21847.76,21.07,70.46,0.656,-47.52,0.0000,0.0,3.80,-46,9.50,
2026-09-17T10:57:09,1,21847.76,21.07,70.46,0.602,-51.84,0.0000,0.0,3.80,-46,9.75,
2026-09-17T10:57:12,1,21847.76,21.07,70.46,0.523,-58.16,0.0000,0.0,3.79,-46,10.00,
2026-09-17T10:57:14,1,21847.76,21.07,70.46,0.446,-64.35,0.0000,0.0,3.79,-45,9.50,
2026-09-17T10:57:17,1,21847.76,21.07,70.46,0.522,-58.22,0.0000,0.0,3.79,-46,9.50,
2026-09-17T10:57:20,1,21847.76,21.07,70.46,0.533,-57.39,0.0000,0.0,3.79,-46,9.25,
2026-09-17T10:57:22,1,21847.76,21.07,70.46,0.587,-53.00,0.0000,0.0,3.79,-47,9.75,
2026-09-17T10:57:25,1,21847.76,21.07,70.46,0.663,-46.94,0.0000,0.0,3.80,-45,9.75,
2026-09-17T10:57:28,1,21847.76,21.07,70.46,0.678,-45.78,0.0000,0.0,3.80,-46,10.00,
2026-09-17T10:57:31,1,21847.76,21.07,70.46,0.662,-47.07,0.0000,0.0,3.80,-47,9.75,
2026-09-17T10:57:33,1,21847.76,21.07,70.46,0.645,-48.42,0.0000,0.0,3.79,-46,9.50,
2026-09-17T10:57:36,1,21847.76,21.07,70.46,0.531,-57.52,0.0000,0.0,3.79,-47,9.50,
2026-09-17T10:57:39,1,21847.76,21.07,70.46,0.512,-59.06,0.0000,0.0,3.80,-46,10.00,
2026-09-17T10:57:41,1,21847.76,21.07,70.46,0.525,-57.97,0.0000,0.0,3.80,-44,10.25,
2026-09-17T10:57:44,1,21847.76,21.07,70.46,0.562,-55.07,0.0000,0.0,3.80,-45,9.25,
2026-09-17T10:57:47,1,21847.76,21.07,70.46,0.673,-46.17,0.0000,0.0,3.80,-47,10.00,
2026-09-17T10:57:49,1,21847.76,21.07,70.46,0.685,-45.20,0.0000,0.0,3.80,-46,10.25,
2026-09-17T10:57:52,1,21847.76,21.07,70.46,0.604,-51.65,0.0000,0.0,3.80,-44,10.00,
2026-09-17T10:57:55,1,21847.76,21.07,70.46,0.600,-52.04,0.0000,0.0,3.80,-44,10.00,
2026-09-17T10:57:58,1,21847.76,21.07,70.46,0.521,-58.29,0.0000,0.0,3.80,-45,10.00,
2026-09-17T10:58:00,1,21847.76,21.07,70.46,0.528,-57.77,0.0000,0.0,3.80,-46,10.25,
2026-09-17T10:58:03,1,21847.76,21.07,70.46,0.544,-56.48,0.0000,0.0,3.80,-45,10.25,
2026-09-17T10:58:06,1,21847.76,21.07,70.46,0.627,-49.84,0.0000,0.0,3.80,-45,10.00,
2026-09-17T10:58:08,1,21847.76,21.07,70.46,0.679,-45.72,0.0000,0.0,3.79,-45,9.75,
2026-09-17T10:58:11,1,21847.76,21.07,70.46,0.666,-46.75,0.0000,0.0,3.79,-45,9.75,
2026-09-17T10:58:14,1,21847.76,21.07,70.46,0.597,-52.23,0.0000,0.0,3.80,-46,10.25,
2026-09-17T10:58:16,1,21847.76,21.07,70.46,0.596,-52.36,0.0000,0.0,3.80,-46,10.00,
2026-09-17T10:58:19,1,21847.76,21.07,70.46,0.522,-58.22,0.0000,0.0,3.79,-45,9.50,
2026-09-17T10:58:22,1,21847.76,21.07,70.46,0.513,-58.93,0.0000,0.0,3.80,-46,10.00,
2026-09-17T10:58:25,1,21847.76,21.07,70.46,0.531,-57.52,0.0000,0.0,3.79,-45,9.75,
2026-09-17T10:58:27,1,21847.76,21.07,70.46,0.536,-57.13,0.0000,0.0,3.80,-46,9.75,
2026-09-17T10:58:30,1,21847.76,21.07,70.46,0.592,-52.68,0.0000,0.0,3.80,-45,10.50,
2026-09-17T10:58:33,1,21847.76,21.07,70.46,0.672,-46.23,0.0000,0.0,3.79,-46,9.50,
2026-09-17T10:58:35,1,21847.76,21.07,70.46,0.679,-45.72,0.0000,0.0,3.80,-46,10.00,
2026-09-17T10:58:38,1,21847.76,21.07,70.46,0.612,-51.07,0.0000,0.0,3.80,-46,10.25,
2026-09-17T10:58:41,1,21847.76,21.07,70.46,0.654,-47.65,0.0000,0.0,3.80,-46,9.75,
2026-09-17T10:58:44,1,21847.76,21.07,70.46,0.545,-56.42,0.0000,0.0,3.79,-47,10.00,
2026-09-17T10:58:49,1,21847.76,21.07,70.46,0.519,-58.48,0.0000,0.0,3.78,-47,9.50,
2026-09-17T10:58:52,1,21847.76,21.07,70.46,0.521,-58.29,0.0000,0.0,3.79,-44,9.50,
2026-09-17T10:58:54,1,21847.76,21.07,70.46,0.530,-57.58,0.0000,0.0,3.79,-46,9.50,
2026-09-17T10:58:57,1,21847.76,21.07,70.46,0.543,-56.55,0.0000,0.0,3.80,-47,9.75,
2026-09-17T10:59:00,1,21847.76,21.07,70.46,0.624,-50.10,0.0000,0.0,3.80,-46,10.00,
2026-09-17T10:59:02,1,21847.76,21.07,70.46,0.679,-45.72,0.0000,0.0,3.80,-47,9.75,
2026-09-17T10:59:05,1,21847.76,21.07,70.46,0.675,-46.04,0.0000,0.0,3.80,-47,9.50,
2026-09-17T10:59:08,1,21847.76,21.07,70.46,0.670,-46.36,0.0000,0.0,3.79,-47,10.00,
2026-09-17T10:59:11,1,21847.76,21.07,70.46,0.654,-47.65,0.0000,0.0,3.80,-47,9.75,
2026-09-17T10:59:13,1,21847.76,21.07,70.46,0.637,-49.07,0.0000,0.0,3.80,-46,10.00,
2026-09-17T10:59:16,1,21847.76,21.07,70.46,0.561,-55.13,0.0000,0.0,3.80,-45,10.00,
2026-09-17T10:59:19,1,21847.76,21.07,70.46,0.515,-58.80,0.0000,0.0,3.80,-46,9.75,
2026-09-17T10:59:21,1,21847.76,21.07,70.46,0.451,-63.90,0.0000,0.0,3.79,-46,9.50,
2026-09-17T10:59:24,1,21847.76,21.07,70.46,0.508,-59.38,0.0000,0.0,3.80,-45,9.75,
2026-09-17T10:59:27,1,21847.76,21.07,70.46,0.521,-58.35,0.0000,0.0,3.80,-46,10.00,
2026-09-17T10:59:29,1,21847.76,21.07,70.46,0.531,-57.52,0.0000,0.0,3.80,-46,10.00,
2026-09-17T10:59:32,1,21847.76,21.07,70.46,0.540,-56.81,0.0000,0.0,3.80,-42,9.75,
2026-09-17T10:59:35,1,21847.76,21.07,70.46,0.579,-53.65,0.0000,0.0,3.80,-44,9.50,
2026-09-17T10:59:38,1,21847.76,21.07,70.46,0.633,-49.33,0.0000,0.0,3.79,-44,9.75,
2026-09-17T10:59:40,1,21847.76,21.07,70.46,0.670,-46.36,0.0000,0.0,3.80,-44,10.00,
2026-09-17T10:59:43,1,21847.76,21.07,70.46,0.627,-49.84,0.0000,0.0,3.80,-44,10.00,
2026-09-17T10:59:46,1,21847.76,21.07,70.46,0.625,-50.04,0.0000,0.0,3.80,-45,10.00,
2026-09-17T10:59:48,1,21847.76,21.07,70.46,0.669,-46.49,0.0000,0.0,3.80,-45,9.50,
2026-09-17T10:59:51,1,21847.76,21.07,70.46,0.650,-48.04,0.0000,0.0,3.80,-45,10.00,
2026-09-17T10:59:54,1,21847.76,21.07,70.46,0.645,-48.36,0.0000,0.0,3.80,-45,9.75,
2026-09-17T10:59:56,1,21847.76,21.07,70.46,0.575,-54.03,0.0000,0.0,3.80,-44,9.75,
2026-09-17T10:59:59,1,21847.76,21.07,70.46,0.523,-58.16,0.0000,0.0,3.80,-43,9.50,
2026-09-17T11:00:02,1,21847.76,21.07,70.46,0.459,-63.32,0.0000,0.0,3.79,-45,9.50,
2026-09-17T11:00:05,1,21847.76,21.07,70.46,0.507,-59.45,0.0000,0.0,3.80,-43,10.00,
2026-09-17T11:00:07,1,21847.76,21.07,70.46,0.516,-58.74,0.0000,0.0,3.80,-44,9.50,
2026-09-17T11:00:10,1,21847.76,21.07,70.46,0.521,-58.35,0.0000,0.0,3.79,-39,8.25,
2026-09-17T11:00:13,1,21847.76,21.07,70.46,0.538,-57.00,0.0000,0.0,3.80,-39,8.50,
2026-09-17T11:00:15,1,21847.76,21.07,70.46,0.547,-56.23,0.0000,0.0,3.80,-38,5.50,
2026-09-17T11:00:18,1,21847.76,21.07,70.46,0.559,-55.26,0.0000,0.0,3.80,-38,6.50,
2026-09-17T11:00:21,1,21847.76,21.07,70.46,0.641,-48.75,0.0000,0.0,3.80,-39,7.50,
2026-09-17T11:00:23,1,21847.76,21.07,70.46,0.645,-48.36,0.0000,0.0,3.80,-39,7.75,
2026-09-17T11:00:26,1,21847.76,21.07,70.46,0.642,-48.62,0.0000,0.0,3.80,-44,9.50,
2026-09-17T11:00:42,1,21847.76,21.07,70.46,0.552,-55.84,0.0000,0.0,3.80,-45,10.00,
2026-09-17T11:00:45,1,21847.76,21.07,70.46,0.575,-54.03,0.0000,0.0,3.80,-45,9.50,
2026-09-17T11:00:48,1,21847.76,21.07,70.46,0.617,-50.62,0.0000,0.0,3.80,-46,10.00,
2026-09-17T11:00:50,1,21847.76,21.07,70.46,0.607,-51.45,0.0000,0.0,3.80,-46,10.00,
2026-09-17T11:00:53,1,21847.76,21.07,70.46,0.560,-55.19,0.0000,0.0,3.80,-46,9.75,
2026-09-17T11:00:56,1,21847.76,21.07,70.46,0.517,-58.61,0.0000,0.0,3.80,-44,9.75,
2026-09-17T11:00:59,1,21847.76,21.07,70.46,0.470,-62.41,0.0000,0.0,3.80,-44,9.75,
2026-09-17T11:01:01,1,21847.76,21.07,70.46,0.478,-61.77,0.0000,0.0,3.80,-45,10.00,
2026-09-17T11:01:04,1,21847.76,21.07,70.46,0.488,-61.00,0.0000,0.0,3.80,-45,10.00,
2026-09-17T11:01:07,1,21847.76,21.07,70.46,0.580,-53.58,0.0000,0.0,3.80,-45,10.00,
2026-09-17T11:01:09,1,21847.76,21.07,70.46,0.651,-47.91,0.0000,0.0,3.80,-44,9.75,
2026-09-17T11:01:12,1,21847.76,21.07,70.46,0.679,-45.65,0.0000,0.0,3.80,-44,10.00,
2026-09-17T11:01:15,1,21847.76,21.07,70.46,0.680,-45.59,0.0000,0.0,3.80,-46,10.00,
2026-09-17T11:01:17,1,21847.76,21.07,70.46,0.662,-47.01,0.0000,0.0,3.80,-44,9.75,
2026-09-17T11:01:20,1,21847.76,21.07,70.46,0.646,-48.30,0.0000,0.0,3.80,-43,9.75,
2026-09-17T11:01:23,1,21847.76,21.07,70.46,0.606,-51.52,0.0000,0.0,3.80,-43,10.00,
2026-09-17T11:01:26,1,21847.76,21.07,70.46,0.542,-56.68,0.0000,0.0,3.80,-46,9.75,
2026-09-17T11:01:28,1,21847.76,21.07,70.46,0.517,-58.61,0.0000,0.0,3.80,-44,9.50,
2026-09-17T11:01:31,1,21847.76,21.07,70.46,0.518,-58.55,0.0000,0.0,3.80,-44,9.75,
2026-09-17T11:01:34,1,21847.76,21.07,70.46,0.525,-57.97,0.0000,0.0,3.79,-44,9.50,
2026-09-17T11:01:36,1,21847.76,21.07,70.46,0.536,-57.13,0.0000,0.0,3.80,-44,10.25,
2026-09-17T11:01:39,1,21847.76,21.07,70.46,0.564,-54.87,0.0000,0.0,3.80,-44,9.75,
2026-09-17T11:01:42,1,21847.76,21.07,70.46,0.654,-47.65,0.0000,0.0,3.80,-44,9.75,
2026-09-17T11:01:45,1,21847.76,21.07,70.46,0.685,-45.20,0.0000,0.0,3.80,-44,9.75,
2026-09-17T11:01:47,1,21847.76,21.07,70.46,0.615,-50.81,0.0000,0.0,3.80,-45,9.75,
2026-09-17T11:01:50,1,21847.76,21.07,70.46,0.657,-47.46,0.0000,0.0,3.80,-45,9.50,
2026-09-17T11:01:53,1,21847.76,21.07,70.46,0.564,-54.87,0.0000,0.0,3.79,-47,9.25,
2026-09-17T11:01:55,1,21847.76,21.07,70.46,0.513,-58.93,0.0000,0.0,3.80,-45,10.25,
2026-09-17T11:01:58,1,21847.76,21.07,70.46,0.525,-57.97,0.0000,0.0,3.80,-46,10.25,
2026-09-17T11:02:01,1,21847.76,21.07,70.46,0.576,-53.90,0.0000,0.0,3.80,-44,10.25,
2026-09-17T11:02:03,1,21847.76,21.07,70.46,0.679,-45.72,0.0000,0.0,3.80,-45,9.50,
2026-09-17T11:02:06,1,21847.76,21.07,70.46,0.667,-46.62,0.0000,0.0,3.80,-45,10.25,
2026-09-17T11:02:09,1,21847.76,21.07,70.46,0.641,-48.68,0.0000,0.0,3.80,-45,9.75,
2026-09-17T11:02:12,1,21847.76,21.07,70.46,0.516,-58.74,0.0000,0.0,3.80,-45,12.25,
2026-09-17T11:02:14,1,21847.76,21.07,70.46,0.518,-58.55,0.0000,0.0,3.80,-45,10.25,
2026-09-17T11:02:17,1,21847.76,21.07,70.46,0.539,-56.87,0.0000,0.0,3.80,-45,9.75,
2026-09-17T11:02:20,1,21847.76,21.07,70.46,0.654,-47.65,0.0000,0.0,3.80,-45,9.50,
2026-09-17T11:02:22,1,21847.76,21.07,70.46,0.680,-45.59,0.0000,0.0,3.80,-45,10.25,
2026-09-17T11:02:25,1,21847.76,21.07,70.46,0.670,-46.43,0.0000,0.0,3.80,-43,10.00,
2026-09-17T11:02:28,1,21847.76,21.07,70.46,0.573,-54.16,0.0000,0.0,3.80,-44,10.00,
2026-09-17T11:02:30,1,21847.76,21.07,70.46,0.517,-58.68,0.0000,0.0,3.80,-44,9.75,
2026-09-17T11:02:33,1,21847.76,21.07,70.46,0.511,-59.13,0.0000,0.0,3.80,-44,9.75,
2026-09-17T11:02:36,1,21847.76,21.07,70.46,0.533,-57.39,0.0000,0.0,3.80,-45,9.75,
2026-09-17T11:02:39,1,21847.76,21.07,70.46,0.480,-61.58,0.0000,0.0,3.80,-45,9.75,
2026-09-17T11:02:41,1,21847.76,21.07,70.46,0.626,-49.91,0.0000,0.0,3.80,-45,9.50,
2026-09-17T11:02:44,1,21847.76,21.07,70.46,0.671,-46.30,0.0000,0.0,3.80,-44,10.00,
2026-09-17T11:02:47,1,21847.76,21.07,70.46,0.676,-45.91,0.0000,0.0,3.80,-44,9.50,
2026-09-17T11:02:49,1,21847.76,21.07,70.46,0.672,-46.23,0.0000,0.0,3.80,-45,10.00,
2026-09-17T11:02:52,1,21847.76,21.07,70.46,0.671,-46.30,0.0000,0.0,3.80,-44,10.00,
2026-09-17T11:02:55,1,21847.76,21.07,70.46,0.603,-51.78,0.0000,0.0,3.80,-45,10.00,
2026-09-17T11:02:57,1,21847.76,21.07,70.46,0.650,-47.97,0.0000,0.0,3.80,-44,9.75,
2026-09-17T11:03:00,1,21847.76,21.07,70.46,0.616,-50.75,0.0000,0.0,3.80,-46,10.25,
2026-09-17T11:03:03,1,21847.76,21.07,70.46,0.575,-53.97,0.0000,0.0,3.80,-46,9.75,
2026-09-17T11:03:06,1,21847.76,21.07,70.46,0.481,-61.51,0.0000,0.0,3.80,-45,10.25,
2026-09-17T11:03:08,1,21847.76,21.07,70.46,0.523,-58.16,0.0000,0.0,3.80,-44,9.50,
2026-09-17T11:03:11,1,21847.76,21.07,70.46,0.508,-59.38,0.0000,0.0,3.80,-44,9.75,
2026-09-17T11:03:14,1,21847.76,21.07,70.46,0.513,-58.93,0.0000,0.0,3.80,-44,10.50,
2026-09-17T11:03:16,1,21847.76,21.07,70.46,0.509,-59.26,0.0000,0.0,3.80,-46,10.00,
2026-09-17T11:03:19,1,21847.76,21.07,70.46,0.513,-58.93,0.0000,0.0,3.80,-46,10.25,
2026-09-17T11:03:22,1,21847.76,21.07,70.46,0.529,-57.64,0.0000,0.0,3.80,-46,10.25,
2026-09-17T11:03:24,1,21847.76,21.07,70.46,0.528,-57.77,0.0000,0.0,3.80,-46,10.00,
2026-09-17T11:03:27,1,21847.76,21.07,70.46,0.545,-56.42,0.0000,0.0,3.80,-45,9.50,
2026-09-17T11:03:30,1,21847.76,21.07,70.46,0.596,-52.36,0.0000,0.0,3.80,-43,9.50,
2026-09-17T11:03:33,1,21847.76,21.07,70.46,0.650,-47.97,0.0000,0.0,3.80,-44,9.75,
2026-09-17T11:03:35,1,21847.76,21.07,70.46,0.683,-45.39,0.0000,0.0,3.81,-44,9.25,
2026-09-17T11:03:38,1,21847.76,21.07,70.46,0.675,-45.98,0.0000,0.0,3.80,-45,9.75,
2026-09-17T11:03:41,1,21847.76,21.07,70.46,0.662,-47.01,0.0000,0.0,3.80,-45,9.75,
2026-09-17T11:03:43,1,21847.76,21.07,70.46,0.654,-47.72,0.0000,0.0,3.80,-44,10.00,
2026-09-17T11:03:46,1,21847.76,21.07,70.46,0.604,-51.65,0.0000,0.0,3.80,-44,9.50,
2026-09-17T11:03:49,1,21847.76,21.07,70.46,0.478,-61.77,0.0000,0.0,3.80,-44,10.00,
2026-09-17T11:03:51,1,21847.76,21.07,70.46,0.508,-59.32,0.0000,0.0,3.80,-44,9.75,
2026-09-17T11:03:54,1,21847.76,21.07,70.46,0.522,-58.22,0.0000,0.0,3.80,-44,10.00,
2026-09-17T11:03:57,1,21847.76,21.07,70.46,0.525,-58.03,0.0000,0.0,3.80,-45,10.00,
2026-09-17T11:04:00,1,21847.76,21.07,70.46,0.538,-56.93,0.0000,0.0,3.80,-45,9.75,
2026-09-17T11:04:02,1,21847.76,21.07,70.46,0.608,-51.39,0.0000,0.0,3.80,-44,9.75,
2026-09-17T11:04:05,1,21847.76,21.07,70.46,0.605,-51.58,0.0000,0.0,3.80,-44,10.00,
2026-09-17T11:04:08,1,21847.76,21.07,70.46,0.679,-45.65,0.0000,0.0,3.81,-44,10.00,
2026-09-17T11:04:10,1,21847.76,21.07,70.46,0.680,-45.59,0.0000,0.0,3.80,-45,10.00,
2026-09-17T11:04:13,1,21847.76,21.07,70.46,0.679,-45.65,0.0000,0.0,3.79,-45,9.75,
2026-09-17T11:04:16,1,21847.76,21.07,70.46,0.662,-47.07,0.0000,0.0,3.80,-45,9.50,
2026-09-17T11:04:19,1,21847.76,21.07,70.46,0.649,-48.10,0.0000,0.0,3.80,-44,9.75,
2026-09-17T11:04:21,1,21847.76,21.07,70.46,0.613,-50.94,0.0000,0.0,3.80,-44,10.00,
2026-09-17T11:04:24,1,21847.76,21.07,70.46,0.545,-56.42,0.0000,0.0,3.80,-44,9.50,
2026-09-17T11:04:27,1,21847.76,21.07,70.46,0.515,-58.80,0.0000,0.0,3.80,-44,10.00,
2026-09-17T11:04:29,1,21847.76,21.07,70.46,0.459,-63.25,0.0000,0.0,3.80,-44,10.25,
2026-09-17T11:04:32,1,21847.76,21.07,70.46,0.520,-58.42,0.0000,0.0,3.80,-45,10.00,
2026-09-17T11:04:35,1,21847.76,21.07,70.46,0.538,-57.00,0.0000,0.0,3.80,-44,9.75,
2026-09-17T11:04:37,1,21847.76,21.07,70.46,0.571,-54.36,0.0000,0.0,3.80,-44,9.75,
2026-09-17T11:04:40,1,21847.76,21.07,70.46,0.662,-47.01,0.0000,0.0,3.80,-45,9.50,
2026-09-17T11:04:43,1,21847.76,21.07,70.46,0.667,-46.62,0.0000,0.0,3.80,-45,9.50,
2026-09-17T11:04:46,1,21847.76,21.07,70.46,0.679,-45.72,0.0000,0.0,3.80,-44,12.25,
2026-09-17T11:04:48,1,21847.76,21.07,70.46,0.655,-47.59,0.0000,0.0,3.80,-45,9.75,
2026-09-17T11:04:51,1,21847.76,21.07,70.46,0.592,-52.68,0.0000,0.0,3.80,-45,10.25,
2026-09-17T11:04:54,1,21847.76,21.07,70.46,0.460,-63.19,0.0000,0.0,3.80,-44,9.75,
2026-09-17T11:04:56,1,21847.76,21.07,70.46,0.520,-58.42,0.0000,0.0,3.80,-45,11.75,
2026-09-17T11:04:59,1,21847.76,21.07,70.46,0.540,-56.81,0.0000,0.0,3.80,-47,9.50,
2026-09-17T11:05:02,1,21847.76,21.07,70.46,0.574,-54.10,0.0000,0.0,3.80,-47,9.75,
2026-09-17T11:05:04,1,21847.76,21.07,70.46,0.663,-46.94,0.0000,0.0,3.81,-47,9.75,
2026-09-17T11:05:07,1,21847.76,21.07,70.46,0.679,-45.65,0.0000,0.0,3.80,-47,9.50,
2026-09-17T11:05:10,1,21847.76,21.07,70.46,0.670,-46.36,0.0000,0.0,3.80,-48,9.75,
2026-09-17T11:05:13,1,21847.76,21.07,70.46,0.649,-48.10,0.0000,0.0,3.80,-47,9.50,
2026-09-17T11:05:15,1,21847.76,21.07,70.46,0.629,-49.71,0.0000,0.0,3.80,-47,9.50,
2026-09-17T11:05:18,1,21847.76,21.07,70.46,0.555,-55.58,0.0000,0.0,3.81,-47,10.00,
2026-09-17T11:05:21,1,21847.76,21.07,70.46,0.517,-58.68,0.0000,0.0,3.81,-47,9.75,
2026-09-17T11:05:23,1,21847.76,21.07,70.46,0.513,-59.00,0.0000,0.0,3.79,-45,9.25,
2026-09-17T11:05:26,1,21847.76,21.07,70.46,0.468,-62.54,0.0000,0.0,3.80,-44,9.25,
2026-09-17T11:05:29,1,21847.76,21.07,70.46,0.529,-57.64,0.0000,0.0,3.80,-47,10.25,
2026-09-17T11:05:31,1,21847.76,21.07,70.46,0.537,-57.06,0.0000,0.0,3.80,-48,9.75,
2026-09-17T11:05:34,1,21847.76,21.07,70.46,0.544,-56.48,0.0000,0.0,3.81,-47,9.75,
2026-09-17T11:05:37,1,21847.76,21.07,70.46,0.587,-53.07,0.0000,0.0,3.80,-45,9.75,
2026-09-17T11:05:40,1,21847.76,21.07,70.46,0.634,-49.26,0.0000,0.0,3.80,-48,9.50,
2026-09-17T11:05:42,1,21847.76,21.07,70.46,0.619,-50.49,0.0000,0.0,3.80,-46,10.25,
2026-09-17T11:05:45,1,21847.76,21.07,70.46,0.679,-45.72,0.0000,0.0,3.80,-51,9.75,
2026-09-17T11:05:48,1,21847.76,21.07,70.46,0.621,-50.36,0.0000,0.0,3.80,-48,9.75,
2026-09-17T11:05:50,1,21847.76,21.07,70.46,0.671,-46.30,0.0000,0.0,3.80,-48,10.00,
2026-09-17T11:05:56,1,21847.76,21.07,70.46,0.608,-51.39,0.0000,0.0,3.80,-49,10.25,
2026-09-17T11:05:58,1,21847.76,21.07,70.46,0.520,-58.42,0.0000,0.0,3.80,-48,9.75,
2026-09-17T11:06:01,1,21847.76,21.07,70.46,0.517,-58.61,0.0000,0.0,3.80,-48,10.00,
2026-09-17T11:06:04,1,21847.76,21.07,70.46,0.525,-58.03,0.0000,0.0,3.80,-49,10.00,
2026-09-17T11:06:07,1,21847.76,21.07,70.46,0.588,-52.94,0.0000,0.0,3.80,-49,10.00,
2026-09-17T11:06:09,1,21847.76,21.07,70.46,0.674,-46.10,0.0000,0.0,3.80,-49,9.75,
2026-09-17T11:06:12,1,21847.76,21.07,70.46,0.616,-50.68,0.0000,0.0,3.81,-49,10.25,
2026-09-17T11:06:15,1,21847.76,21.07,70.46,0.653,-47.78,0.0000,0.0,3.81,-49,9.75,
2026-09-17T11:06:17,1,21847.76,21.07,70.46,0.564,-54.87,0.0000,0.0,3.81,-49,9.50,
2026-09-17T11:06:20,1,21847.76,21.07,70.46,0.515,-58.80,0.0000,0.0,3.80,-49,9.75,
2026-09-17T11:06:23,1,21847.76,21.07,70.46,0.528,-57.77,0.0000,0.0,3.80,-52,9.75,
2026-09-17T11:06:25,1,21847.76,21.07,70.46,0.567,-54.61,0.0000,0.0,3.80,-46,9.50,
2026-09-17T11:06:28,1,21847.76,21.07,70.46,0.681,-45.52,0.0000,0.0,3.80,-48,9.50,
2026-09-17T11:06:31,1,21847.76,21.07,70.46,0.674,-46.10,0.0000,0.0,3.81,-48,9.75,
2026-09-17T11:06:34,1,21847.76,21.07,70.46,0.601,-51.91,0.0000,0.0,3.80,-47,9.75,
2026-09-17T11:06:36,1,21847.76,21.07,70.46,0.536,-57.13,0.0000,0.0,3.80,-47,9.50,
2026-09-17T11:06:39,1,21847.76,21.07,70.46,0.517,-58.61,0.0000,0.0,3.81,-48,10.00,
2026-09-17T11:06:42,1,21847.76,21.07,70.46,0.529,-57.64,0.0000,0.0,3.81,-47,9.25,
2026-09-17T11:06:44,1,21847.76,21.07,70.46,0.605,-51.58,0.0000,0.0,3.79,-48,9.25,
2026-09-17T11:06:47,1,21847.76,21.07,70.46,0.679,-45.65,0.0000,0.0,3.81,-48,9.75,
2026-09-17T11:06:50,1,21847.76,21.07,70.46,0.664,-46.88,0.0000,0.0,3.80,-48,9.75,
2026-09-17T11:06:53,1,21847.76,21.07,70.46,0.644,-48.49,0.0000,0.0,3.80,-48,9.50,
2026-09-17T11:06:55,1,21847.76,21.07,70.46,0.536,-57.13,0.0000,0.0,3.80,-63,11.25,
2026-09-17T11:06:58,1,21847.76,21.07,70.46,0.508,-59.32,0.0000,0.0,3.81,-49,10.25,
2026-09-17T11:07:01,1,21847.76,21.07,70.46,0.537,-57.06,0.0000,0.0,3.80,-49,10.00,
2026-09-17T11:07:03,1,21847.76,21.07,70.46,0.547,-56.23,0.0000,0.0,3.81,-49,9.75,
2026-09-17T11:07:06,1,21847.76,21.07,70.46,0.658,-47.39,0.0000,0.0,3.80,-49,10.00,
2026-09-17T11:07:09,1,21847.76,21.07,70.46,0.680,-45.59,0.0000,0.0,3.81,-49,9.75,
2026-09-17T11:07:11,1,21847.76,21.07,70.46,0.669,-46.49,0.0000,0.0,3.81,-49,10.00,
2026-09-17T11:07:14,1,21847.76,21.07,70.46,0.657,-47.46,0.0000,0.0,3.81,-49,9.75,
2026-09-17T11:07:17,1,21847.76,21.07,70.46,0.621,-50.36,0.0000,0.0,3.80,-49,9.50,
2026-09-17T11:07:20,1,21847.76,21.07,70.46,0.543,-56.55,0.0000,0.0,3.80,-49,9.50,
2026-09-17T11:07:22,1,21847.76,21.07,70.46,0.517,-58.68,0.0000,0.0,3.80,-49,9.50,
2026-09-17T11:07:25,1,21847.76,21.07,70.46,0.517,-58.68,0.0000,0.0,3.80,-50,9.75,
2026-09-17T11:07:28,1,21847.76,21.07,70.46,0.526,-57.90,0.0000,0.0,3.80,-49,9.50,
2026-09-17T11:07:30,1,21847.76,21.07,70.46,0.536,-57.13,0.0000,0.0,3.80,-49,9.75,
2026-09-17T11:07:33,1,21847.76,21.07,70.46,0.600,-52.04,0.0000,0.0,3.81,-49,10.00,
2026-09-17T11:07:36,1,21847.76,21.07,70.46,0.607,-51.45,0.0000,0.0,3.80,-48,10.50,
2026-09-17T11:07:38,1,21847.76,21.07,70.46,0.676,-45.91,0.0000,0.0,3.81,-49,9.50,
2026-09-17T11:07:41,1,21847.76,21.07,70.46,0.615,-50.81,0.0000,0.0,3.80,-49,10.00,
2026-09-17T11:07:44,1,21847.76,21.07,70.46,0.663,-46.94,0.0000,0.0,3.80,-49,9.75,
2026-09-17T11:07:47,1,21847.76,21.07,70.46,0.647,-48.23,0.0000,0.0,3.81,-49,9.75,
2026-09-17T11:07:49,1,21847.76,21.07,70.46,0.562,-55.00,0.0000,0.0,3.80,-49,9.75,
2026-09-17T11:07:52,1,21847.76,21.07,70.46,0.513,-59.00,0.0000,0.0,3.80,-50,10.00,
2026-09-17T11:07:55,1,21847.76,21.07,70.46,0.467,-62.67,0.0000,0.0,3.80,-59,9.75,
2026-09-17T11:07:57,1,21847.76,21.07,70.46,0.525,-58.03,0.0000,0.0,3.80,-48,9.75,
2026-09-17T11:08:00,1,21847.76,21.07,70.46,0.532,-57.45,0.0000,0.0,3.81,-48,10.50,
2026-09-17T11:08:03,1,21847.76,21.07,70.46,0.536,-57.13,0.0000,0.0,3.80,-49,10.00,
2026-09-17T11:08:05,1,21847.76,21.07,70.46,0.658,-47.39,0.0000,0.0,3.81,-42,9.00,
2026-09-17T11:08:08,1,21847.76,21.07,70.46,0.682,-45.46,0.0000,0.0,3.80,-42,5.75,
2026-09-17T11:08:11,1,21847.76,21.07,70.46,0.674,-46.10,0.0000,0.0,3.81,-43,5.00,
2026-09-17T11:08:14,1,21847.76,21.07,70.46,0.672,-46.23,0.0000,0.0,3.80,-42,7.00,
2026-09-17T11:08:16,1,21847.76,21.07,70.46,0.654,-47.65,0.0000,0.0,3.80,-42,5.00,
2026-09-17T11:08:19,1,21847.76,21.07,70.46,0.563,-54.94,0.0000,0.0,3.81,-41,5.50,
2026-09-17T11:08:22,1,21847.76,21.07,70.46,0.511,-59.13,0.0000,0.0,3.81,-48,8.50,
2026-09-17T11:08:41,1,21847.76,21.07,70.46,0.506,-59.51,0.0000,0.0,3.81,-47,10.00,
2026-09-17T11:08:43,1,21847.76,21.07,70.46,0.446,-64.35,0.0000,0.0,3.80,-48,9.75,
2026-09-17T11:08:46,1,21847.76,21.07,70.46,0.513,-58.93,0.0000,0.0,3.81,-46,9.75,
2026-09-17T11:08:49,1,21847.76,21.07,70.46,0.484,-61.32,0.0000,0.0,3.81,-48,10.25,
2026-09-17T11:08:51,1,21847.76,21.07,70.46,0.550,-56.03,0.0000,0.0,3.81,-48,10.00,
2026-09-17T11:08:54,1,21847.76,21.07,70.46,0.580,-53.58,0.0000,0.0,3.81,-48,9.75,
2026-09-17T11:08:57,1,21847.76,21.07,70.46,0.670,-46.36,0.0000,0.0,3.81,-48,9.50,
2026-09-17T11:08:59,1,21847.76,21.07,70.46,0.691,-44.75,0.0000,0.0,3.81,-48,10.00,
2026-09-17T11:09:02,1,21847.76,21.07,70.46,0.672,-46.23,0.0000,0.0,3.81,-48,9.75,
2026-09-17T11:09:05,1,21847.76,21.07,70.46,0.666,-46.75,0.0000,0.0,3.81,-48,9.50,
2026-09-17T11:09:08,1,21847.76,21.07,70.46,0.649,-48.10,0.0000,0.0,3.80,-48,10.00,
2026-09-17T11:09:10,1,21847.76,21.07,70.46,0.570,-54.42,0.0000,0.0,3.80,-48,9.75,
2026-09-17T11:09:13,1,21847.76,21.07,70.46,0.520,-58.42,0.0000,0.0,3.81,-48,9.50,
2026-09-17T11:09:16,1,21847.76,21.07,70.46,0.517,-58.68,0.0000,0.0,3.81,-48,10.00,
2026-09-17T11:09:18,1,21847.76,21.07,70.46,0.479,-61.71,0.0000,0.0,3.81,-48,9.75,
2026-09-17T11:09:21,1,21847.76,21.07,70.46,0.546,-56.35,0.0000,0.0,3.80,-48,9.75,
2026-09-17T11:09:24,1,21847.76,21.07,70.46,0.621,-50.36,0.0000,0.0,3.80,-48,9.50,
2026-09-17T11:09:27,1,21847.76,21.07,70.46,0.675,-45.98,0.0000,0.0,3.81,-48,9.50,
2026-09-17T11:09:29,1,21847.76,21.07,70.46,0.623,-50.17,0.0000,0.0,3.80,-48,9.50,
2026-09-17T11:09:32,1,21847.76,21.07,70.46,0.666,-46.68,0.0000,0.0,3.81,-48,10.00,
2026-09-17T11:09:35,1,21847.76,21.07,70.46,0.647,-48.23,0.0000,0.0,3.80,-48,9.75,
2026-09-17T11:09:37,1,21847.76,21.07,70.46,0.598,-52.16,0.0000,0.0,3.80,-48,9.75,
2026-09-17T11:09:40,1,21847.76,21.07,70.46,0.536,-57.13,0.0000,0.0,3.81,-48,9.50,
2026-09-17T11:09:43,1,21847.76,21.07,70.46,0.508,-59.32,0.0000,0.0,3.81,-48,9.50,
2026-09-17T11:09:45,1,21847.76,21.07,70.46,0.524,-58.10,0.0000,0.0,3.81,-48,9.75,
2026-09-17T11:09:48,1,21847.76,21.07,70.46,0.486,-61.13,0.0000,0.0,3.81,-47,9.75,
2026-09-17T11:09:51,1,21847.76,21.07,70.46,0.575,-54.03,0.0000,0.0,3.81,-48,10.25,
2026-09-17T11:09:54,1,21847.76,21.07,70.46,0.666,-46.75,0.0000,0.0,3.81,-48,9.75,
2026-09-17T11:09:56,1,21847.76,21.07,70.46,0.676,-45.91,0.0000,0.0,3.81,-48,9.75,
2026-09-17T11:09:59,1,21847.76,21.07,70.46,0.670,-46.43,0.0000,0.0,3.81,-48,10.00,
2026-09-17T11:10:02,1,21847.76,21.07,70.46,0.658,-47.33,0.0000,0.0,3.81,-48,9.75,
2026-09-17T11:10:04,1,21847.76,21.07,70.46,0.633,-49.33,0.0000,0.0,3.81,-48,10.00,
2026-09-17T11:10:07,1,21847.76,21.07,70.46,0.552,-55.84,0.0000,0.0,3.81,-46,10.00,
2026-09-17T11:10:10,1,21847.76,21.07,70.46,0.514,-58.87,0.0000,0.0,3.80,-48,10.00,
2026-09-17T11:10:12,1,21847.76,21.07,70.46,0.517,-58.61,0.0000,0.0,3.81,-48,10.00,
2026-09-17T11:10:15,1,21847.76,21.07,70.46,0.534,-57.26,0.0000,0.0,3.81,-48,9.75,
2026-09-17T11:10:18,1,21847.76,21.07,70.46,0.579,-53.71,0.0000,0.0,3.81,-48,9.75,
2026-09-17T11:10:21,1,21847.76,21.07,70.46,0.676,-45.91,0.0000,0.0,3.81,-48,10.00,
2026-09-17T11:10:23,1,21847.76,21.07,70.46,0.679,-45.65,0.0000,0.0,3.81,-48,7.50,
2026-09-17T11:10:26,1,21847.76,21.07,70.46,0.661,-47.14,0.0000,0.0,3.81,-49,10.00,
2026-09-17T11:10:29,1,21847.76,21.07,70.46,0.567,-54.61,0.0000,0.0,3.81,-48,9.75,
2026-09-17T11:10:31,1,21847.76,21.07,70.46,0.532,-57.45,0.0000,0.0,3.81,-48,9.50,
2026-09-17T11:10:34,1,21847.76,21.07,70.46,0.515,-58.80,0.0000,0.0,3.81,-48,10.00,
2026-09-17T11:10:37,1,21847.76,21.07,70.46,0.470,-62.41,0.0000,0.0,3.81,-49,10.00,
2026-09-17T11:10:39,1,21847.76,21.07,70.46,0.550,-55.97,0.0000,0.0,3.81,-49,10.25,
2026-09-17T11:10:42,1,21847.76,21.07,70.46,0.554,-55.71,0.0000,0.0,3.81,-48,10.00,
2026-09-17T11:10:45,1,21847.76,21.07,70.46,0.672,-46.23,0.0000,0.0,3.81,-49,10.50,
2026-09-17T11:10:48,1,21847.76,21.07,70.46,0.677,-45.85,0.0000,0.0,3.81,-46,9.75,
2026-09-17T11:10:50,1,21847.76,21.07,70.46,0.677,-45.85,0.0000,0.0,3.81,-48,10.00,
2026-09-17T11:10:53,1,21847.76,21.07,70.46,0.667,-46.62,0.0000,0.0,3.81,-48,9.75,
2026-09-17T11:10:56,1,21847.76,21.07,70.46,0.650,-47.97,0.0000,0.0,3.81,-48,9.50,
2026-09-17T11:10:58,1,21847.76,21.07,70.46,0.538,-56.93,0.0000,0.0,3.80,-48,9.75,
2026-09-17T11:11:01,1,21847.76,21.07,70.46,0.531,-57.52,0.0000,0.0,3.80,-48,10.00,
2026-09-17T11:11:04,1,21847.76,21.07,70.46,0.511,-59.13,0.0000,0.0,3.80,-48,9.75,
2026-09-17T11:11:06,1,21847.76,21.07,70.46,0.514,-58.87,0.0000,0.0,3.80,-48,10.00,
2026-09-17T11:11:09,1,21847.76,21.07,70.46,0.524,-58.10,0.0000,0.0,3.81,-48,9.75,
2026-09-17T11:11:12,1,21847.76,21.07,70.46,0.531,-57.52,0.0000,0.0,3.81,-48,9.75,
2026-09-17T11:11:15,1,21847.76,21.07,70.46,0.544,-56.48,0.0000,0.0,3.81,-48,10.25,
2026-09-17T11:11:17,1,21847.76,21.07,70.46,0.561,-55.13,0.0000,0.0,3.81,-48,10.00,
2026-09-17T11:11:20,1,21847.76,21.07,70.46,0.675,-45.98,0.0000,0.0,3.81,-49,9.75,
2026-09-17T11:11:23,1,21847.76,21.07,70.46,0.678,-45.78,0.0000,0.0,3.81,-48,9.75,
2026-09-17T11:11:25,1,21847.76,21.07,70.46,0.617,-50.62,0.0000,0.0,3.79,-49,9.50,
2026-09-17T11:11:28,1,21847.76,21.07,70.46,0.590,-52.81,0.0000,0.0,3.81,-48,9.25,
2026-09-17T11:11:31,1,21847.76,21.07,70.46,0.569,-54.48,0.0000,0.0,3.81,-49,10.25,
2026-09-17T11:11:33,1,21847.76,21.07,70.46,0.513,-59.00,0.0000,0.0,3.80,-46,10.00,
2026-09-17T11:11:36,1,21847.76,21.07,70.46,0.525,-57.97,0.0000,0.0,3.81,-45,10.00,
2026-09-17T11:11:39,1,21847.76,21.07,70.46,0.533,-57.32,0.0000,0.0,3.81,-47,10.25,
2026-09-17T11:11:42,1,21847.76,21.07,70.46,0.652,-47.84,0.0000,0.0,3.81,-48,10.25,
2026-09-17T11:11:44,1,21847.76,21.07,70.46,0.683,-45.39,0.0000,0.0,3.81,-48,9.50,
2026-09-17T11:11:47,1,21847.76,21.07,70.46,0.658,-47.39,0.0000,0.0,3.81,-48,9.50,
2026-09-17T11:11:50,1,21847.76,21.07,70.46,0.606,-51.52,0.0000,0.0,3.81,-48,9.75,
2026-09-17T11:11:52,1,21847.76,21.07,70.46,0.515,-58.80,0.0000,0.0,3.81,-48,9.50,
2026-09-17T11:11:55,1,21847.76,21.07,70.46,0.459,-63.32,0.0000,0.0,3.81,-47,9.50,
2026-09-17T11:11:58,1,21847.76,21.07,70.46,0.533,-57.39,0.0000,0.0,3.80,-45,10.75,
2026-09-17T11:12:01,1,21847.76,21.07,70.46,0.589,-52.87,0.0000,0.0,3.81,-47,9.50,
2026-09-17T11:12:03,1,21847.76,21.07,70.46,0.666,-46.68,0.0000,0.0,3.81,-48,9.75,
2026-09-17T11:12:06,1,21847.76,21.07,70.46,0.676,-45.91,0.0000,0.0,3.81,-49,9.75,
2026-09-17T11:12:09,1,21847.76,21.07,70.46,0.672,-46.23,0.0000,0.0,3.80,-49,9.75,
2026-09-17T11:12:11,1,21847.76,21.07,70.46,0.652,-47.84,0.0000,0.0,3.81,-48,10.00,
2026-09-17T11:12:14,1,21847.76,21.07,70.46,0.591,-52.74,0.0000,0.0,3.81,-51,10.25,
2026-09-17T11:12:17,1,21847.76,21.07,70.46,0.524,-58.10,0.0000,0.0,3.81,-48,9.75,
2026-09-17T11:12:19,1,21847.76,21.07,70.46,0.508,-59.32,0.0000,0.0,3.81,-57,9.50,
2026-09-17T11:12:22,1,21847.76,21.07,70.46,0.525,-57.97,0.0000,0.0,3.81,-48,9.75,
2026-09-17T11:12:25,1,21847.76,21.07,70.46,0.480,-61.58,0.0000,0.0,3.81,-47,10.00,
2026-09-17T11:12:28,1,21847.76,21.07,70.46,0.576,-53.90,0.0000,0.0,3.81,-47,9.75,
2026-09-17T11:12:30,1,21847.76,21.07,70.46,0.657,-47.46,0.0000,0.0,3.81,-47,9.75,
2026-09-17T11:12:33,1,21847.76,21.07,70.46,0.679,-45.72,0.0000,0.0,3.81,-47,10.25,
2026-09-17T11:12:36,1,21847.76,21.07,70.46,0.672,-46.23,0.0000,0.0,3.81,-47,10.00,
2026-09-17T11:12:38,1,21847.76,21.07,70.46,0.666,-46.75,0.0000,0.0,3.81,-45,9.50,
2026-09-17T11:12:41,1,21847.76,21.07,70.46,0.657,-47.46,0.0000,0.0,3.81,-48,9.75,
2026-09-17T11:12:44,1,21847.76,21.07,70.46,0.606,-51.52,0.0000,0.0,3.81,-48,9.50,
2026-09-17T11:12:46,1,21847.76,21.07,70.46,0.531,-57.52,0.0000,0.0,3.81,-48,9.50,
2026-09-17T11:12:49,1,21847.76,21.07,70.46,0.513,-58.93,0.0000,0.0,3.81,-48,10.00,
2026-09-17T11:12:52,1,21847.76,21.07,70.46,0.521,-58.35,0.0000,0.0,3.81,-48,9.50,
2026-09-17T11:12:55,1,21847.76,21.07,70.46,0.521,-58.29,0.0000,0.0,3.81,-48,9.50,
2026-09-17T11:12:57,1,21847.76,21.07,70.46,0.548,-56.16,0.0000,0.0,3.81,-48,9.25,
2026-09-17T11:13:00,1,21847.76,21.07,70.46,0.602,-51.84,0.0000,0.0,3.81,-47,9.50,
2026-09-17T11:13:03,1,21847.76,21.07,70.46,0.662,-47.07,0.0000,0.0,3.81,-48,9.25,
2026-09-17T11:13:05,1,21847.76,21.07,70.46,0.679,-45.65,0.0000,0.0,3.81,-48,9.50,
2026-09-17T11:13:08,1,21847.76,21.07,70.46,0.619,-50.49,0.0000,0.0,3.81,-48,9.50,
2026-09-17T11:13:11,1,21847.76,21.07,70.46,0.666,-46.75,0.0000,0.0,3.81,-48,9.75,
2026-09-17T11:13:13,1,21847.76,21.07,70.46,0.654,-47.65,0.0000,0.0,3.81,-48,9.75,
2026-09-17T11:13:16,1,21847.76,21.07,70.46,0.603,-51.78,0.0000,0.0,3.81,-48,9.25,
2026-09-17T11:13:19,1,21847.76,21.07,70.46,0.534,-57.26,0.0000,0.0,3.81,-47,9.50,
2026-09-17T11:13:22,1,21847.76,21.07,70.46,0.518,-58.55,0.0000,0.0,3.81,-48,10.00,
2026-09-17T11:13:24,1,21847.76,21.07,70.46,0.516,-58.74,0.0000,0.0,3.81,-48,9.50,
2026-09-17T11:13:27,1,21847.76,21.07,70.46,0.521,-58.29,0.0000,0.0,3.81,-48,10.00,
2026-09-17T11:13:30,1,21847.76,21.07,70.46,0.548,-56.16,0.0000,0.0,3.81,-48,10.00,
2026-09-17T11:13:32,1,21847.76,21.07,70.46,0.576,-53.90,0.0000,0.0,3.81,-62,10.25,
2026-09-17T11:13:35,1,21847.76,21.07,70.46,0.644,-48.49,0.0000,0.0,3.81,-53,9.25,
2026-09-17T11:13:38,1,21847.76,21.07,70.46,0.685,-45.20,0.0000,0.0,3.81,-52,10.00,
2026-09-17T11:13:40,1,21847.76,21.07,70.46,0.684,-45.27,0.0000,0.0,3.81,-66,9.75,
2026-09-17T11:13:43,1,21847.76,21.07,70.46,0.670,-46.36,0.0000,0.0,3.81,-61,9.75,
2026-09-17T11:13:46,1,21847.76,21.07,70.46,0.656,-47.52,0.0000,0.0,3.81,-53,9.50,
2026-09-17T11:13:49,1,21847.76,21.07,70.46,0.608,-51.33,0.0000,0.0,3.81,-48,9.50,
2026-09-17T11:13:51,1,21847.76,21.07,70.46,0.488,-60.93,0.0000,0.0,3.81,-47,9.75,
2026-09-17T11:13:54,1,21847.76,21.07,70.46,0.515,-58.80,0.0000,0.0,3.81,-46,10.25,
2026-09-17T11:13:57,1,21847.76,21.07,70.46,0.455,-63.58,0.0000,0.0,3.80,-45,9.50,
2026-09-17T11:13:59,1,21847.76,21.07,70.46,0.527,-57.84,0.0000,0.0,3.81,-46,12.50,
2026-09-17T11:14:02,1,21847.76,21.07,70.46,0.538,-57.00,0.0000,0.0,3.81,-46,10.00,
2026-09-17T11:14:05,1,21847.76,21.07,70.46,0.557,-55.45,0.0000,0.0,3.81,-47,9.50,
2026-09-17T11:14:07,1,21847.76,21.07,70.46,0.610,-51.20,0.0000,0.0,3.81,-48,9.50,
2026-09-17T11:14:10,1,21847.76,21.07,70.46,0.672,-46.23,0.0000,0.0,3.81,-48,10.00,
2026-09-17T11:14:13,1,21847.76,21.07,70.46,0.683,-45.39,0.0000,0.0,3.81,-48,9.50,
2026-09-17T11:14:16,1,21847.76,21.07,70.46,0.673,-46.17,0.0000,0.0,3.81,-48,9.50,
2026-09-17T11:14:18,1,21847.76,21.07,70.46,0.667,-46.62,0.0000,0.0,3.81,-48,9.50,
2026-09-17T11:14:21,1,21847.76,21.07,70.46,0.655,-47.59,0.0000,0.0,3.81,-47,9.50,
2026-09-17T11:14:24,1,21847.76,21.07,70.46,0.631,-49.52,0.0000,0.0,3.81,-48,9.50,
2026-09-17T11:14:26,1,21847.76,21.07,70.46,0.551,-55.90,0.0000,0.0,3.81,-49,9.25,
2026-09-17T11:14:29,1,21847.76,21.07,70.46,0.513,-58.93,0.0000,0.0,3.81,-46,10.00,
2026-09-17T11:14:32,1,21847.76,21.07,70.46,0.509,-59.26,0.0000,0.0,3.81,-48,10.75,
2026-09-17T11:14:35,1,21847.76,21.07,70.46,0.525,-58.03,0.0000,0.0,3.81,-47,9.75,
2026-09-17T11:14:37,1,21847.76,21.07,70.46,0.542,-56.68,0.0000,0.0,3.81,-47,9.50,
2026-09-17T11:14:40,1,21847.76,21.07,70.46,0.605,-51.58,0.0000,0.0,3.81,-47,9.50,
2026-09-17T11:14:43,1,21847.76,21.07,70.46,0.663,-46.94,0.0000,0.0,3.81,-50,9.75,
2026-09-17T11:14:45,1,21847.76,21.07,70.46,0.676,-45.91,0.0000,0.0,3.81,-50,10.25,
2026-09-17T11:14:48,1,21847.76,21.07,70.46,0.660,-47.20,0.0000,0.0,3.81,-49,10.00,
2026-09-17T11:14:51,1,21847.76,21.07,70.46,0.661,-47.14,0.0000,0.0,3.80,-58,9.50,
2026-09-17T11:14:53,1,21847.76,21.07,70.46,0.612,-51.07,0.0000,0.0,3.81,-53,10.00,
2026-09-17T11:14:56,1,21847.76,21.07,70.46,0.541,-56.74,0.0000,0.0,3.81,-60,9.50,
2026-09-17T11:14:59,1,21847.76,21.07,70.46,0.513,-58.93,0.0000,0.0,3.81,-57,10.00,
2026-09-17T11:15:02,1,21847.76,21.07,70.46,0.511,-59.13,0.0000,0.0,3.81,-47,9.75,
2026-09-17T11:15:04,1,21847.76,21.07,70.46,0.521,-58.35,0.0000,0.0,3.81,-47,10.00,
2026-09-17T11:15:07,1,21847.76,21.07,70.46,0.545,-56.42,0.0000,0.0,3.80,-46,9.75,
2026-09-17T11:15:10,1,21847.76,21.07,70.46,0.634,-49.26,0.0000,0.0,3.81,-45,9.50,
2026-09-17T11:15:12,1,21847.76,21.07,70.46,0.683,-45.33,0.0000,0.0,3.81,-47,9.25,
2026-09-17T11:15:15,1,21847.76,21.07,70.46,0.669,-46.49,0.0000,0.0,3.81,-46,10.25,
2026-09-17T11:15:18,1,21847.76,21.07,70.46,0.658,-47.39,0.0000,0.0,3.81,-47,9.75,
2026-09-17T11:15:20,1,21847.76,21.07,70.46,0.571,-54.36,0.0000,0.0,3.81,-47,9.75,
2026-09-17T11:15:23,1,21847.76,21.07,70.46,0.513,-59.00,0.0000,0.0,3.81,-47,9.50,
2026-09-17T11:15:26,1,21847.76,21.07,70.46,0.519,-58.48,0.0000,0.0,3.81,-47,9.75,
2026-09-17T11:15:29,1,21847.76,21.07,70.46,0.537,-57.06,0.0000,0.0,3.80,-47,9.50,
2026-09-17T11:15:31,1,21847.76,21.07,70.46,0.607,-51.45,0.0000,0.0,3.81,-47,9.25,
2026-09-17T11:15:34,1,21847.76,21.07,70.46,0.685,-45.20,0.0000,0.0,3.81,-47,9.50,
2026-09-17T11:15:37,1,21847.76,21.07,70.46,0.616,-50.75,0.0000,0.0,3.81,-47,9.75,
2026-09-17T11:15:39,1,21847.76,21.07,70.46,0.654,-47.65,0.0000,0.0,3.81,-48,9.50,
2026-09-17T11:15:42,1,21847.76,21.07,70.46,0.571,-54.36,0.0000,0.0,3.81,-48,9.50,
2026-09-17T11:15:45,1,21847.76,21.07,70.46,0.513,-59.00,0.0000,0.0,3.81,-47,9.50,
2026-09-17T11:15:47,1,21847.76,21.07,70.46,0.517,-58.68,0.0000,0.0,3.82,-48,9.50,
2026-09-17T11:15:50,1,21847.76,21.07,70.46,0.547,-56.23,0.0000,0.0,3.81,-47,10.00,
2026-09-17T11:15:53,1,21847.76,21.07,70.46,0.578,-53.78,0.0000,0.0,3.81,-46,10.00,
2026-09-17T11:15:56,1,21847.76,21.07,70.46,0.679,-45.65,0.0000,0.0,3.81,-46,10.00,
2026-09-17T11:15:58,1,21847.76,21.07,70.46,0.672,-46.23,0.0000,0.0,3.81,-46,10.00,
2026-09-17T11:16:01,1,21847.76,21.07,70.46,0.648,-48.17,0.0000,0.0,3.81,-41,9.25,
2026-09-17T11:16:04,1,21847.76,21.07,70.46,0.553,-55.77,0.0000,0.0,3.81,-44,2.25,
2026-09-17T11:16:06,1,21847.76,21.07,70.46,0.514,-58.87,0.0000,0.0,3.81,-45,3.25,
2026-09-17T11:16:12,1,21847.76,21.07,70.46,0.562,-55.07,0.0000,0.0,3.81,-39,4.00,
2026-09-17T11:16:14,1,21847.76,21.07,70.46,0.623,-50.17,0.0000,0.0,3.81,-39,4.25,
2026-09-17T11:16:17,1,21847.76,21.07,70.46,0.675,-46.04,0.0000,0.0,3.81,-47,6.75,
2026-09-17T11:16:36,1,21847.76,21.07,70.46,0.457,-63.45,0.0000,0.0,3.81,-49,10.00,
2026-09-17T11:16:39,1,21847.76,21.07,70.46,0.587,-53.07,0.0000,0.0,3.81,-48,9.75,
2026-09-17T11:16:41,1,21847.76,21.07,70.46,0.654,-47.72,0.0000,0.0,3.81,-48,9.75,
2026-09-17T11:16:44,1,21847.76,21.07,70.46,0.669,-46.49,0.0000,0.0,3.81,-48,9.50,
2026-09-17T11:16:47,1,21847.76,21.07,70.46,0.594,-52.49,0.0000,0.0,3.81,-48,9.50,
2026-09-17T11:16:50,1,21847.76,21.07,70.46,0.526,-57.90,0.0000,0.0,3.81,-48,9.50,
2026-09-17T11:16:52,1,21847.76,21.07,70.46,0.532,-57.45,0.0000,0.0,3.81,-47,9.75,
2026-09-17T11:16:55,1,21847.76,21.07,70.46,0.542,-56.68,0.0000,0.0,3.81,-48,9.50,
2026-09-17T11:16:58,1,21847.76,21.07,70.46,0.612,-51.07,0.0000,0.0,3.81,-48,9.50,
2026-09-17T11:17:00,1,21847.76,21.07,70.46,0.683,-45.39,0.0000,0.0,3.81,-47,9.50,
2026-09-17T11:17:03,1,21847.76,21.07,70.46,0.683,-45.39,0.0000,0.0,3.81,-47,9.75,
2026-09-17T11:17:06,1,21847.76,21.07,70.46,0.601,-51.91,0.0000,0.0,3.82,-47,9.50,
2026-09-17T11:17:09,1,21847.76,21.07,70.46,0.558,-55.32,0.0000,0.0,3.81,-46,10.00,
2026-09-17T11:17:11,1,21847.76,21.07,70.46,0.509,-59.26,0.0000,0.0,3.81,-47,10.25,
2026-09-17T11:17:14,1,21847.76,21.07,70.46,0.533,-57.39,0.0000,0.0,3.81,-48,9.50,
2026-09-17T11:17:17,1,21847.76,21.07,70.46,0.596,-52.29,0.0000,0.0,3.81,-49,10.25,
2026-09-17T11:17:19,1,21847.76,21.07,70.46,0.676,-45.91,0.0000,0.0,3.81,-49,9.75,
2026-09-17T11:17:22,1,21847.76,21.07,70.46,0.663,-46.94,0.0000,0.0,3.81,-48,10.00,
2026-09-17T11:17:25,1,21847.76,21.07,70.46,0.645,-48.42,0.0000,0.0,3.81,-49,9.75,
2026-09-17T11:17:27,1,21847.76,21.07,70.46,0.529,-57.64,0.0000,0.0,3.81,-49,10.25,
2026-09-17T11:17:30,1,21847.76,21.07,70.46,0.514,-58.87,0.0000,0.0,3.82,-49,12.50,
2026-09-17T11:17:33,1,21847.76,21.07,70.46,0.534,-57.26,0.0000,0.0,3.81,-49,9.75,
2026-09-17T11:17:36,1,21847.76,21.07,70.46,0.567,-54.68,0.0000,0.0,3.81,-49,9.75,
2026-09-17T11:17:38,1,21847.76,21.07,70.46,0.666,-46.75,0.0000,0.0,3.81,-49,9.75,
2026-09-17T11:17:41,1,21847.76,21.07,70.46,0.681,-45.52,0.0000,0.0,3.81,-49,9.50,
2026-09-17T11:17:44,1,21847.76,21.07,70.46,0.661,-47.14,0.0000,0.0,3.81,-49,9.50,
2026-09-17T11:17:46,1,21847.76,21.07,70.46,0.643,-48.55,0.0000,0.0,3.81,-49,9.75,
2026-09-17T11:17:49,1,21847.76,21.07,70.46,0.558,-55.32,0.0000,0.0,3.81,-48,10.00,
2026-09-17T11:17:52,1,21847.76,21.07,70.46,0.518,-58.55,0.0000,0.0,3.81,-49,9.75,
2026-09-17T11:17:54,1,21847.76,21.07,70.46,0.513,-58.93,0.0000,0.0,3.80,-49,9.75,
2026-09-17T11:17:57,1,21847.76,21.07,70.46,0.519,-58.48,0.0000,0.0,3.81,-49,9.50,
2026-09-17T11:18:00,1,21847.76,21.07,70.46,0.533,-57.39,0.0000,0.0,3.81,-49,10.25,
2026-09-17T11:18:03,1,21847.76,21.07,70.46,0.587,-53.07,0.0000,0.0,3.81,-48,10.00,
2026-09-17T11:18:05,1,21847.76,21.07,70.46,0.602,-51.84,0.0000,0.0,3.81,-48,9.00,
2026-09-17T11:18:08,1,21847.76,21.07,70.46,0.679,-45.72,0.0000,0.0,3.81,-45,12.25,
2026-09-17T11:18:11,1,21847.76,21.07,70.46,0.673,-46.17,0.0000,0.0,3.81,-45,9.75,
2026-09-17T11:18:13,1,21847.76,21.07,70.46,0.598,-52.16,0.0000,0.0,3.81,-45,10.25,
2026-09-17T11:18:16,1,21847.76,21.07,70.46,0.586,-53.13,0.0000,0.0,3.80,-45,10.00,
2026-09-17T11:18:19,1,21847.76,21.07,70.46,0.509,-59.26,0.0000,0.0,3.82,-45,10.00,
2026-09-17T11:18:21,1,21847.76,21.07,70.46,0.523,-58.16,0.0000,0.0,3.81,-44,10.00,
2026-09-17T11:18:24,1,21847.76,21.07,70.46,0.542,-56.61,0.0000,0.0,3.81,-44,9.75,
2026-09-17T11:18:27,1,21847.76,21.07,70.46,0.575,-54.03,0.0000,0.0,3.81,-44,9.50,
2026-09-17T11:18:30,1,21847.76,21.07,70.46,0.676,-45.91,0.0000,0.0,3.82,-46,9.75,
2026-09-17T11:18:32,1,21847.76,21.07,70.46,0.666,-46.75,0.0000,0.0,3.82,-45,10.00,
2026-09-17T11:18:35,1,21847.76,21.07,70.46,0.647,-48.23,0.0000,0.0,3.81,-47,10.25,
2026-09-17T11:18:38,1,21847.76,21.07,70.46,0.535,-57.19,0.0000,0.0,3.81,-47,9.75,
2026-09-17T11:18:40,1,21847.76,21.07,70.46,0.518,-58.55,0.0000,0.0,3.81,-46,10.00,
2026-09-17T11:18:43,1,21847.76,21.07,70.46,0.523,-58.16,0.0000,0.0,3.81,-45,9.75,
2026-09-17T11:18:46,1,21847.76,21.07,70.46,0.585,-53.20,0.0000,0.0,3.81,-45,10.00,
2026-09-17T11:18:48,1,21847.76,21.07,70.46,0.675,-45.98,0.0000,0.0,3.81,-45,9.75,
2026-09-17T11:18:51,1,21847.76,21.07,70.46,0.670,-46.36,0.0000,0.0,3.81,-46,10.25,
2026-09-17T11:18:54,1,21847.76,21.07,70.46,0.650,-48.04,0.0000,0.0,3.81,-48,9.50,
2026-09-17T11:18:57,1,21847.76,21.07,70.46,0.558,-55.32,0.0000,0.0,3.81,-47,10.00,
2026-09-17T11:18:59,1,21847.76,21.07,70.46,0.513,-58.93,0.0000,0.0,3.81,-47,9.75,
2026-09-17T11:19:02,1,21847.76,21.07,70.46,0.524,-58.10,0.0000,0.0,3.81,-46,9.75,
2026-09-17T11:19:05,1,21847.76,21.07,70.46,0.534,-57.26,0.0000,0.0,3.81,-47,9.50,
2026-09-17T11:19:07,1,21847.76,21.07,70.46,0.639,-48.88,0.0000,0.0,3.81,-44,9.75,
2026-09-17T11:19:10,1,21847.76,21.07,70.46,0.678,-45.78,0.0000,0.0,3.81,-45,10.25,
2026-09-17T11:19:15,1,21847.76,21.07,70.46,0.654,-47.72,0.0000,0.0,3.81,-54,9.75,
2026-09-17T11:19:21,1,21847.76,21.07,70.46,0.513,-59.00,0.0000,0.0,3.82,-48,9.25,
2026-09-17T11:19:24,1,21847.76,21.07,70.46,0.526,-57.90,0.0000,0.0,3.81,-44,9.75,
2026-09-17T11:19:26,1,21847.76,21.07,70.46,0.546,-56.35,0.0000,0.0,3.81,-49,9.75,
2026-09-17T11:19:29,1,21847.76,21.07,70.46,0.660,-47.20,0.0000,0.0,3.82,-49,9.75,
2026-09-17T11:19:32,1,21847.76,21.07,70.46,0.621,-50.29,0.0000,0.0,3.81,-53,9.75,
2026-09-17T11:19:34,1,21847.76,21.07,70.46,0.661,-47.14,0.0000,0.0,3.82,-53,9.50,
2026-09-17T11:19:37,1,21847.76,21.07,70.46,0.625,-49.97,0.0000,0.0,3.81,-50,10.00,
2026-09-17T11:19:40,1,21847.76,21.07,70.46,0.519,-58.48,0.0000,0.0,3.81,-51,10.25,
2026-09-17T11:19:43,1,21847.76,21.07,70.46,0.516,-58.74,0.0000,0.0,3.82,-54,10.00,
2026-09-17T11:19:45,1,21847.76,21.07,70.46,0.533,-57.32,0.0000,0.0,3.81,-53,9.75,
2026-09-17T11:19:48,1,21847.76,21.07,70.46,0.593,-52.55,0.0000,0.0,3.82,-53,10.25,
2026-09-17T11:19:51,1,21847.76,21.07,70.46,0.681,-45.52,0.0000,0.0,3.82,-53,11.75,
2026-09-17T11:19:53,1,21847.76,21.07,70.46,0.668,-46.56,0.0000,0.0,3.82,-53,9.25,
2026-09-17T11:19:56,1,21847.76,21.07,70.46,0.615,-50.81,0.0000,0.0,3.81,-53,9.50,
2026-09-17T11:19:59,1,21847.76,21.07,70.46,0.513,-59.00,0.0000,0.0,3.80,-53,10.00,
2026-09-17T11:20:01,1,21847.76,21.07,70.46,0.467,-62.61,0.0000,0.0,3.82,-53,9.25,
2026-09-17T11:20:04,1,21847.76,21.07,70.46,0.513,-59.00,0.0000,0.0,3.81,-53,9.50,
2026-09-17T11:20:07,1,21847.76,21.07,70.46,0.679,-45.72,0.0000,0.0,3.82,-53,9.00,
2026-09-17T11:20:12,1,21847.76,21.07,70.46,0.627,-49.84,0.0000,0.0,3.81,-53,9.75,
2026-09-17T11:20:15,1,21847.76,21.07,70.46,0.518,-58.55,0.0000,0.0,3.82,-52,9.75,
2026-09-17T11:20:18,1,21847.76,21.07,70.46,0.527,-57.84,0.0000,0.0,3.81,-54,9.75,
2026-09-17T11:20:20,1,21847.76,21.07,70.46,0.568,-54.55,0.0000,0.0,3.81,-53,9.50,
2026-09-17T11:20:23,1,21847.76,21.07,70.46,0.683,-45.39,0.0000,0.0,3.81,-53,9.50,
2026-09-17T11:20:26,1,21847.76,21.07,70.46,0.671,-46.30,0.0000,0.0,3.81,-54,9.75,
2026-09-17T11:20:28,1,21847.76,21.07,70.46,0.629,-49.65,0.0000,0.0,3.81,-53,9.25,
2026-09-17T11:20:31,1,21847.76,21.07,70.46,0.513,-58.93,0.0000,0.0,3.82,-53,9.75,
2026-09-17T11:20:34,1,21847.76,21.07,70.46,0.514,-58.87,0.0000,0.0,3.82,-54,9.75,
2026-09-17T11:20:37,1,21847.76,21.07,70.46,0.546,-56.35,0.0000,0.0,3.81,-56,10.00,
2026-09-17T11:20:39,1,21847.76,21.07,70.46,0.670,-46.36,0.0000,0.0,3.81,-54,9.25,
2026-09-17T11:20:42,1,21847.76,21.07,70.46,0.669,-46.49,0.0000,0.0,3.82,-54,9.75,
2026-09-17T11:20:45,1,21847.76,21.07,70.46,0.617,-50.62,0.0000,0.0,3.82,-53,9.75,
2026-09-17T11:20:47,1,21847.76,21.07,70.46,0.517,-58.68,0.0000,0.0,3.81,-53,9.25,
2026-09-17T11:20:50,1,21847.76,21.07,70.46,0.526,-57.90,0.0000,0.0,3.81,-51,9.25,
2026-09-17T11:20:53,1,21847.76,21.07,70.46,0.596,-52.29,0.0000,0.0,3.82,-53,9.75,
2026-09-17T11:20:55,1,21847.76,21.07,70.46,0.677,-45.85,0.0000,0.0,3.82,-53,9.00,
2026-09-17T11:20:58,1,21847.76,21.07,70.46,0.606,-51.52,0.0000,0.0,3.82,-64,10.00,
2026-09-17T11:21:01,1,21847.76,21.07,70.46,0.569,-54.48,0.0000,0.0,3.81,-50,9.50,
2026-09-17T11:21:04,1,21847.76,21.07,70.46,0.508,-59.38,0.0000,0.0,3.82,-51,11.50,
2026-09-17T11:21:06,1,21847.76,21.07,70.46,0.537,-57.06,0.0000,0.0,3.82,-49,9.50,
